Country Name,Country Code,1960,1961,1962,1963,1964,1965,1966,1967,1968,1969,1970,1971,1972,1973,1974,1975,1976,1977,1978,1979,1980,1981,1982,1983,1984,1985,1986,1987,1988,1989,1990,1991,1992,1993,1994,1995,1996,1997,1998,1999,2000,2001,2002,2003,2004,2005,2006,2007,2008,2009,2010,2011,2012,2013,2014,2015,2016,2017,2018,2019,2020,2021,2022,2023,2024
World,WRD,,,,,,,,,,,153.33544856463,162.36641162534,169.84400050616,181.36611056839,192.24508603209,191.08968664384,203.46943677396,219.72869430378,229.5472913622,243.13623379753,246.68469022842,245.5587499193,242.13478185049,258.19475509617,284.72240004921,290.22370085363,291.57938599078,296.24763779343,316.48566165892,325.04826630454,12.944784998090794,13.4464641665402,13.48698383720802,13.811318964881634,14.701998343392821,16.032629242261333,16.9786578447449,18.02423726862218,18.83974585535302,19.907105659483168,21.528607036161386,22.113320590353613,23.39064955931713,25.081126482595103,28.300942027146235,31.572363951343267,31.968947607110298,31.741184360203317,30.987810661314654,32.64262686907005,35.61031897458292,37.95577883582134,40.75956989012233,43.01626984429648,46.4115555474208,44.58216497086238,47.11431451698663,50.02894003166882,52.94205086737227,55.45910921174307,58.12898293137327,61.090010041251496,64.03566018883564,66.91156559020148,69.82238173101338
Aruba,ABW,,,,,,,,,,,,,,,,,,,,,,,,,,,,,,,,,,,,,,,,,,,,,,,,,,,,,,,,,,,,,,,,,
Africa Eastern and Southern,AFE,,,,,,,,,,,,,,,,,,,,,,,,,,,,,,,1.3411,1.23,1.301,1.3414,1.457,1.4561,1.8866,2.0733,2.4073,2.8142,3.9383,4.9794,5.8799,6.9537,8.1614,9.2057,10.0727,10.5602,10.6258,10.9285,11.0049,11.1933,11.3924,11.7659,12.6597,13.8275,15.4133,17.1018,19.0349,20.7805,22.5231,24.35,26.1422,27.9296,29.7192
Afghanistan,AFG,,,,,,,,,,,,,,,,,,,,,,,,,,,,,,,0.0002,0.0011,0.0018,0.0028,0.0067,0.0114,0.018,0.0248,0.0337,0.0492,0.0892,0.1223,0.1539,0.1902,0.2268,0.2709,0.2858,0.2919,0.3036,0.3138,0.3119,0.3141,0.3203,0.3292,0.3588,0.3965,0.4524,0.5075,0.5749,0.6344,0.695,0.7576,0.8185,0.8798,0.9409
Africa Western and Central,AFW,,,,,,,,,,,,,,,,,,,,,,,,,,,,,,,1.6666,1.5988,1.5776,1.6059,1.5512,1.6209,1.9129,2.3042,2.2378,2.9445,4.2787,5.1059,6.2517,7.3634,8.8601,10.2926,10.8288,11.0608,11.2626,11.5121,11.4496,11.5172,11.7059,12.0549,13.1652,14.3895,16.3573,18.2806,20.6433,22.7147,24.8276,27.0113,29.1393,31.281,33.4165
Angola,AGO,,,,,,,,,,,,,,,,,,,,,,,,,,,,,,,0.0001,0.0008,0.0012,0.0019,0.0045,0.0078,0.0123,0.017,0.0231,0.0337,0.0611,0.084,0.1064,0.1315,0.1575,0.1899,0.2009,0.2058,0.2145,0.2214,0.2202,0.2216,0.2259,0.2319,0.252,0.2776,0.3156,0.353,0.3988,0.4393,0.4805,0.5229,0.5643,0.606,0.6475
Albania,ALB,,,,,,,,,,,,,,,,,,,,,,,,,,,,,,,0.0009,0.0015,0.0022,0.0036,0.0062,0.0093,0.0121,0.012,0.0157,0.0211,0.0324,0.0427,0.0511,0.0616,0.0732,0.087,0.0879,0.0859,0.0854,0.088,0.0875,0.0881,0.0896,0.0919,0.0994,0.1089,0.123,0.1369,0.154,0.169,0.1843,0.2001,0.2155,0.231,0.2464
Andorra,AND,,,,,,,,,,,,,,,,,,,,,,,,,,,,,,,,,,,,,,,,,,,,,,,,,,,,,,,,,,,,,,,,,
Arab World,ARB,,,,,,,,,,,,,,,,,,,,,,,,,,,,,,,8.7315,6.685,6.7788,6.6694,6.8589,6.4008,7.6903,8.7784,10.2854,13.196,20.2093,25.8384,31.4145,37.669,44.0509,51.58,54.41,55.8888,57.9198,59.8307,59.9736,60.7561,61.9456,63.6918,68.9996,75.7992,85.3714,94.872,106.5138,116.7667,127.1283,137.9106,148.4295,158.9839,169.5204
United Arab Emirates,ARE,,,,,,,,,,,,,,,,,,,,,,,,,,,,,,,0.7145,0.8771,0.9266,0.9201,0.9887,0.833,1.0453,1.298,1.5507,1.9884,3.0623,3.8228,4.599,5.4892,6.4385,7.4381,7.8898,8.2659,8.3819,8.6411,8.7401,8.935,9.0641,9.2916,10.0675,11.1127,12.4031,13.7745,15.4231,16.8872,18.29,19.8279,21.3289,22.8094,24.3002
Argentina,ARG,,,,,,,,,,,,,,,,,,,,,,,,,,,,,,,2.2986,2.324,0.2614,0.3732,0.4537,0.3125,0.4353,0.5638,0.8542,0.9984,1.758,2.2806,2.9854,3.7946,4.5903,5.475,5.9132,5.1416,5.2981,5.4461,5.4111,5.4717,5.5771,6.0893,7.0732,7.7898,8.7246,9.6648,10.8142,11.8203,12.8402,13.9041,14.9401,15.9801,17.0181
Armenia,ARM,,,,,,,,,,,,,,,,,,,,,,,,,,,,,,,0.0059,0.012,0.007,0.0083,0.0129,0.0185,0.0223,0.0246,0.0298,0.0361,0.0507,0.067,0.0848,0.1075,0.1332,0.1704,0.1798,0.1821,0.1861,0.1913,0.1908,0.1914,0.1932,0.1958,0.2046,0.2157,0.2322,0.2485,0.2684,0.2859,0.3038,0.3223,0.3402,0.3583,0.3764
American Samoa,ASM,,,,,,,,,,,,,,,,,,,,,,,,,,,,,,,,,,,,,,,,,,,,,,,,,,,,,,,,,,,,,,,,,
Antigua and Barbuda,ATG,,,,,,,,,,,,,,,,,,,,,,,,,,,,,,,0.0003,0.0004,0.0005,0.0008,0.0011,0.0012,0.0014,0.0016,0.0018,0.002,0.0021,0.0021,0.002,0.002,0.0021,0.0023,0.001,0.0006,0.0005,0.0005,0.0005,0.0005,0.0005,0.0005,0.0005,0.0005,0.0005,0.0005,0.0005,0.0005,0.0005,0.0005,0.0005,0.0005,0.0005
Australia,AUS,,,,,,,,,,,,,,,,,,,,,,,,,,,,,,,5.1481,5.2997,5.4264,5.7654,5.1834,4.3551,3.9162,4.0589,4.4073,4.7415,4.9275,4.8898,5.4669,5.7363,6.3812,5.7956,5.4901,6.7214,6.3589,6.74,7.0313,7.9504,8.2783,8.6539,9.0777,9.7864,10.2573,10.2906,10.2858,10.9352,11.251,11.5485,11.9548,12.2947,12.6679
Austria,AUT,,,,,,,,,,,,,,,,,,,,,,,,,,,,,,,0.8121,0.9727,0.9324,1.1887,1.4481,1.7709,1.934,1.9692,1.799,1.7306,1.6667,1.8839,1.9841,2.0046,2.0372,2.0574,1.8502,1.8606,1.8597,1.7209,1.8682,1.9285,1.9981,2.0829,2.1956,2.3017,2.3715,2.3867,2.4205,2.3229,2.2248,1.9183,1.7622,1.6709,1.5472
Azerbaijan,AZE,,,,,,,,,,,,,,,,,,,,,,,,,,,,,,,0.335,0.2955,0.2513,0.1651,0.134,0.0965,0.1434,0.2269,0.2962,0.3644,0.4359,0.4451,0.457,0.5126,0.576,0.6623,0.7233,0.8254,0.9256,0.9541,1.0375,0.8947,1.009,1.0546,1.1481,1.1969,1.2166,1.3514,1.4168,1.4954,1.5839,1.6579,1.7416,1.8237,1.9065
Burundi,BDI,,,,,,,,,,,,,,,,,,,,,,,,,,,,,,,0.0001,0.0003,0.0005,0.0009,0.002,0.0035,0.0054,0.0075,0.0102,0.0149,0.0271,0.0371,0.0467,0.0577,0.0688,0.0822,0.0868,0.0886,0.0922,0.0953,0.0947,0.0954,0.0972,0.0999,0.1089,0.1204,0.1373,0.1541,0.1745,0.1926,0.211,0.23,0.2485,0.2671,0.2857
Belgium,BEL,,,,,,,,,,,,,,,,,,,,,,,,,,,,,,,0.8535,0.881,1.3518,1.3889,1.6299,1.8197,1.9028,1.718,1.8813,2.0048,2.2467,2.1602,2.1527,2.421,2.5721,2.5816,2.271,2.4559,2.9635,2.9594,2.7573,2.9631,3.05,3.0725,3.1983,3.1726,3.3468,3.2145,3.0728,2.9299,2.7056,2.4788,2.313,2.1505,1.9864
Benin,BEN,,,,,,,,,,,,,,,,,,,,,,,,,,,,,,,0.0002,0.0011,0.0018,0.0029,0.0067,0.0116,0.0181,0.025,0.0341,0.0497,0.0902,0.1236,0.1556,0.1922,0.2292,0.2737,0.2888,0.295,0.3068,0.3171,0.3153,0.3174,0.3237,0.3327,0.3626,0.4007,0.4572,0.5129,0.581,0.6411,0.7024,0.7656,0.8271,0.8891,0.9509
Burkina Faso,BFA,,,,,,,,,,,,,,,,,,,,,,,,,,,,,,,0.0002,0.0014,0.0021,0.0035,0.0082,0.014,0.022,0.0303,0.0413,0.0602,0.1093,0.1498,0.1886,0.233,0.2778,0.3318,0.3501,0.3576,0.3719,0.3844,0.3821,0.3848,0.3924,0.4033,0.4396,0.4857,0.5542,0.6217,0.7043,0.7771,0.8515,0.9281,1.0026,1.0778,1.1527
Bangladesh,BGD,,,,,,,,,,,,,,,,,,,,,,,,,,,,,,,0.0005,0.0034,0.0054,0.0087,0.0205,0.0353,0.0553,0.0764,0.1039,0.1516,0.2751,0.3769,0.4746,0.5862,0.6991,0.835,0.881,0.8999,0.9358,0.9673,0.9617,0.9683,0.9874,1.0148,1.1061,1.2224,1.3946,1.5644,1.7723,1.9557,2.1427,2.3354,2.5231,2.7123,2.9007
Bulgaria,BGR,,,,,,,,,,,,,,,,,,,,,,,,,,,,,,,0.0132,0.0214,0.0285,0.0375,0.0512,0.0675,0.0632,0.0616,0.0717,0.0838,0.1044,0.1268,0.1467,0.1688,0.2067,0.2801,0.3397,0.3535,0.4807,0.4734,0.4801,0.5401,0.5687,0.7996,0.9591,0.7651,0.787,0.7847,0.79,1.0167,1.0612,1.077,1.1724,1.2266,1.3014
Bahrain,BHR,,,,,,,,,,,,,,,,,,,,,,,,,,,,,,,2.9442,0.318,0.4437,0.683,0.6943,0.2812,0.2997,0.3309,0.3958,0.3919,0.4838,0.5177,0.5851,0.6692,0.7519,0.8543,0.958,1.1124,0.9388,0.8978,0.8944,0.9125,0.8889,0.895,0.9411,1.0651,1.1538,1.2768,1.4302,1.5567,1.6904,1.8289,1.9637,2.0993,2.2345
"Bahamas, The",BHS,,,,,,,,,,,,,,,,,,,,,,,,,,,,,,,,,,,,,,,,,,,,,,,,,,,,,,,,,,,,,,,,,
Bosnia and Herzegovina,BIH,,,,,,,,,,,,,,,,,,,,,,,,,,,,,,,0.7182,0.6495,0.4172,0.2099,0.1419,0.157,0.1701,0.1531,0.4892,1.0139,1.2407,0.9972,1.3593,1.0587,1.5799,1.3582,1.3503,1.6938,1.0111,0.7509,0.7308,0.7129,0.6872,0.5483,0.5724,0.433,0.4472,0.5055,0.5239,0.5855,0.5612,0.6049,0.6529,0.6754,0.7107
Belarus,BLR,,,,,,,,,,,,,,,,,,,,,,,,,,,,,,,0.0066,0.017,0.0237,0.0297,0.0317,0.032,0.0351,0.0426,0.0509,0.0558,0.0623,0.0704,0.0739,0.0809,0.1002,0.1199,0.0995,0.0787,0.0586,0.0592,0.0599,0.0601,0.0603,0.0603,0.0603,0.0603,0.0606,0.0607,0.0613,0.0648,0.0653,0.0668,0.0686,0.0698,0.0714
Belize,BLZ,,,,,,,,,,,,,,,,,,,,,,,,,,,,,,,,,,,,,,,,,,,,,,,,,,,,,,,,,,,,,,,,,
Bermuda,BMU,,,,,,,,,,,,,,,,,,,,,,,,,,,,,,,,,,,,,,,,,,,,,,,,,,,,,,,,,,,,,,,,,
Bolivia,BOL,,,,,,,,,,,,,,,,,,,,,,,,,,,,,,,0.0091,0.0106,0.0121,0.0136,0.0151,0.0127,0.0103,0.0079,0.0055,0.0055,0.0055,0.0075,0.0095,0.0104,0.0113,0.012,0.0126,0.014,0.0155,0.0163,0.0202,0.0211,0.0231,0.0241,0.0261,0.0273,0.0285,0.032,0.033,0.035,0.0372,0.0389,0.0408,0.0427,0.0447
Brazil,BRA,,,,,,,,,,,,,,,,,,,,,,,,,,,,,,,5.1888,5.2826,5.7628,5.8806,5.7637,4.7292,3.7721,4.0577,2.8979,3.9073,2.8308,2.8528,3.4399,3.8694,4.688,4.743,6.1678,6.7158,7.5785,7.6128,9.0157,8.5299,9.2731,10.1033,10.6876,11.4699,12.3618,12.9869,13.5335,14.2106,14.8437,15.4709,16.114,16.7484,17.3871
Barbados,BRB,,,,,,,,,,,,,,,,,,,,,,,,,,,,,,,,,,,,,,,,,,,,,,,,,,,,,,,,,,,,,,,,,
Brunei Darussalam,BRN,,,,,,,,,,,,,,,,,,,,,,,,,,,,,,,0.0044,0.0065,0.0085,0.0108,0.0145,0.0183,0.0348,0.0479,0.0571,0.0707,0.1121,0.1299,0.1395,0.1506,0.1639,0.1796,0.1439,0.1107,0.1092,0.1095,0.1091,0.1096,0.1112,0.1135,0.1212,0.131,0.1454,0.1597,0.1772,0.1926,0.2083,0.2245,0.2403,0.2562,0.272
Bhutan,BTN,,,,,,,,,,,,,,,,,,,,,,,,,,,,,,,,,,,,,,,,,,,,,,,,,,,,,,,,,,,,,,,,,
Botswana,BWA,,,,,,,,,,,,,,,,,,,,,,,,,,,,,,,0.0001,0.0005,0.0008,0.0013,0.0031,0.0053,0.0084,0.0116,0.0157,0.023,0.0417,0.0571,0.0719,0.0888,0.1059,0.1265,0.1335,0.1363,0.1418,0.1466,0.1457,0.1467,0.1496,0.1538,0.1676,0.1852,0.2113,0.237,0.2685,0.2963,0.3246,0.3539,0.3823,0.411,0.4395
Central African Republic,CAF,,,,,,,,,,,,,,,,,,,,,,,,,,,,,,,0.0001,0.0006,0.0009,0.0014,0.0034,0.0058,0.0091,0.0126,0.0172,0.0251,0.0455,0.0623,0.0784,0.0969,0.1156,0.138,0.1456,0.1487,0.1547,0.1599,0.159,0.16,0.1632,0.1677,0.1828,0.202,0.2305,0.2586,0.2929,0.3232,0.3542,0.386,0.417,0.4483,0.4795
Canada,CAN,,,,,,,,,,,,,,,,,,,,,,,,,,,,,,,12.8716,14.4626,13.4462,14.1133,14.6146,13.8315,14.0493,14.4118,15.4007,15.6438,16.6358,15.8666,16.9205,16.1216,16.6267,15.3955,15.8403,18.703,16.368,15.4437,15.4412,15.7384,15.9763,16.4566,17.5987,17.2854,18.1572,17.8808,18.6089,18.5139,17.7322,17.2657,16.9955,16.4989,16.1155
Central Europe and the Baltics,CEB,,,,,,,,,,,,,,,,,,,,,,,,,,,,,,,5.1033,4.7885,3.667,3.8343,4.1608,5.2993,5.7781,6.5298,6.7758,6.9781,7.5595,7.9107,9.4642,9.7717,12.2094,12.8999,13.6608,15.2512,14.78,14.5496,15.0287,16.1592,16.8102,16.933,18.5227,18.0677,18.8659,19.5102,19.4189,19.5272,19.2874,19.4702,19.5458,19.5666,19.615
Switzerland,CHE,,,,,,,,,,,,,,,,,,,,,,,,,,,,,,,0.4701,0.4797,0.4784,0.4533,0.4789,0.6285,0.7089,0.8133,0.9605,1.0344,1.178,1.234,1.345,1.4019,1.5532,1.5934,1.4028,1.4299,1.4956,1.4329,1.4336,1.5028,1.6047,1.6672,1.6892,1.7097,1.6092,1.5878,1.5639,1.4995,1.46,1.3792,1.3229,1.2846,1.2373
Channel Islands,CHI,,,,,,,,,,,,,,,,,,,,,,,,,,,,,,,,,,,,,,,,,,,,,,,,,,,,,,,,,,,,,,,,,
Chile,CHL,,,,,,,,,,,,,,,,,,,,,,,,,,,,,,,0.0164,0.035,0.0311,0.0308,0.0348,0.0785,0.1132,0.1516,0.1965,0.243,0.27,0.4497,0.6361,0.8245,0.9918,1.1688,1.3581,1.5474,1.7418,1.9342,2.1226,4.2096,4.7497,3.4648,3.9656,4.4672,4.9666,5.7834,6.5982,7.3085,8.0891,8.8577,9.6109,10.3783,11.1386
China,CHN,,,,,,,,,,,,,,,,,,,,,,,,,,,,,,,4.5944,5.5253,6.6809,9.5882,12.5744,15.8165,18.9294,21.7966,26.9854,40.3798,50.3998,65.9735,68.0267,94.0701,120.655,166.3565,193.712,173.3273,155.7336,192.3758,230.5423,263.5762,298.529,328.0602,366.4887,321.939,337.9581,359.136,379.0554,398.8719,419.4994,439.9402,460.9222,481.6056,502.4383
Cote d'Ivoire,CIV,,,,,,,,,,,,,,,,,,,,,,,,,,,,,,,0.0005,0.003,0.0048,0.0077,0.0181,0.031,0.0486,0.0671,0.0913,0.1332,0.2418,0.3312,0.417,0.5152,0.6143,0.7338,0.7742,0.7908,0.8224,0.8501,0.8451,0.8509,0.8677,0.8918,0.9721,1.0742,1.2255,1.3748,1.5575,1.7186,1.883,2.0523,2.2173,2.3835,2.5491
Cameroon,CMR,,,,,,,,,,,,,,,,,,,,,,,,,,,,,,,0.875,0.8596,0.831,0.8751,0.8355,0.868,0.9237,1.0389,0.9449,1.0068,1.0495,0.9862,1.1187,1.1668,1.5091,1.5311,1.5695,1.6416,1.4851,1.409,1.3803,1.3498,1.3305,1.3907,1.5694,1.6181,1.8494,2.0593,2.3288,2.5526,2.781,3.0224,3.2578,3.4928,3.7281
"Congo, Dem. Rep.",COD,,,,,,,,,,,,,,,,,,,,,,,,,,,,,,,0.0005,0.0031,0.0049,0.008,0.0187,0.0322,0.0505,0.0696,0.0948,0.1382,0.2509,0.3437,0.4328,0.5346,0.6376,0.7615,0.8035,0.8207,0.8534,0.8822,0.877,0.8831,0.9005,0.9255,1.0088,1.1148,1.2718,1.4268,1.6163,1.7835,1.9541,2.1299,2.301,2.4736,2.6454
"Congo, Rep.",COG,,,,,,,,,,,,,,,,,,,,,,,,,,,,,,,0.0002,0.0006,0.0009,0.0014,0.0031,0.0052,0.008,0.011,0.0149,0.0215,0.0389,0.0533,0.0671,0.0827,0.0987,0.1179,0.1243,0.1268,0.1317,0.1361,0.1353,0.1363,0.1389,0.1428,0.1555,0.1718,0.1958,0.2195,0.2486,0.2742,0.3003,0.3272,0.3534,0.3799,0.4062
Colombia,COL,,,,,,,,,,,,,,,,,,,,,,,,,,,,,,,0.043,0.0618,0.0852,0.1079,0.1564,0.2107,0.2563,0.3031,0.3789,0.514,0.8829,1.2083,1.5215,1.8788,2.2415,2.6765,2.824,2.8873,3.0034,3.1059,3.0927,3.1178,3.1815,3.2715,3.5598,3.9254,4.465,4.9973,5.648,6.2222,6.808,7.4117,7.9998,8.5923,9.1826
Comoros,COM,,,,,,,,,,,,,,,,,,,,,,,,,,,,,,,0.0,0.0,0.0,0.0,0.0,0.0,0.0,0.0,0.0,0.0,0.0,0.0,0.0,0.0,0.0001,0.0001,0.0001,0.0001,0.0001,0.0001,0.0001,0.0001,0.0001,0.0001,0.0001,0.0001,0.0001,0.0001,0.0001,0.0001,0.0001,0.0001,0.0001,0.0001,0.0001
Cabo Verde,CPV,,,,,,,,,,,,,,,,,,,,,,,,,,,,,,,,,,,,,,,,,,,,,,,,,,,,,,,,,,,,,,,,,
Costa Rica,CRI,,,,,,,,,,,,,,,,,,,,,,,,,,,,,,,0.0012,0.0022,0.0033,0.0048,0.0081,0.0119,0.0166,0.0216,0.0284,0.0394,0.0654,0.0854,0.104,0.126,0.1484,0.1757,0.1781,0.1786,0.1848,0.191,0.1899,0.1911,0.1949,0.2002,0.2179,0.2405,0.2739,0.3069,0.3473,0.3829,0.4192,0.4567,0.4931,0.5299,0.5664
Caribbean small states,CSS,,,,,,,,,,,,,,,,,,,,,,,,,,,,,,,0.1632,0.162,0.1721,0.163,0.1533,0.1517,0.1651,0.1705,0.1892,0.1542,0.2197,0.2838,0.345,0.4149,0.486,0.5715,0.5991,0.6107,0.6334,0.6534,0.6498,0.6557,0.6715,0.691,0.7526,0.8283,0.9395,1.0537,1.1873,1.3071,1.4296,1.555,1.6775,1.8011,1.924
Cuba,CUB,,,,,,,,,,,,,,,,,,,,,,,,,,,,,,,0.0069,0.0084,0.0091,0.0093,0.0139,0.0194,0.0262,0.0314,0.0383,0.0513,0.0818,0.1099,0.1346,0.1627,0.1914,0.2254,0.2328,0.2302,0.2316,0.2389,0.2375,0.2391,0.2435,0.2499,0.2712,0.2982,0.3383,0.3778,0.4262,0.4689,0.5124,0.5573,0.601,0.645,0.6889
Curacao,CUW,,,,,,,,,,,,,,,,,,,,,,,,,,,,,,,,,,,,,,,,,,,,,,,,,,,,,,,,,,,,,,,,,
Cayman Islands,CYM,,,,,,,,,,,,,,,,,,,,,,,,,,,,,,,,,,,,,,,,,,,,,,,,,,,,,,,,,,,,,,,,,
Cyprus,CYP,,,,,,,,,,,,,,,,,,,,,,,,,,,,,,,0.0108,0.015,0.044,0.0509,0.0603,0.0706,0.0792,0.0861,0.0991,0.1105,0.1223,0.1356,0.1452,0.1572,0.1756,0.1937,0.1858,0.1896,0.2065,0.2163,0.2332,0.2529,0.2589,0.2646,0.2733,0.288,0.3074,0.3287,0.351,0.3737,0.3816,0.3973,0.4127,0.4257,0.4399
Czechia,CZE,,,,,,,,,,,,,,,,,,,,,,,,,,,,,,,0.1805,0.2006,0.2294,0.2621,0.3044,0.4439,0.604,0.774,0.919,1.0368,1.2272,1.4354,1.5612,1.6893,1.797,1.8231,1.9523,2.2257,2.4757,2.4929,2.7075,2.8877,2.9938,3.1133,3.2881,3.5335,3.7498,3.9584,4.0034,4.0281,3.9416,3.9425,3.9218,3.8864,3.8584
Germany,DEU,,,,,,,,,,,,,,,,,,,,,,,,,,,,,,,14.091,14.4328,14.3651,17.3929,18.3884,19.408,18.9142,19.5521,20.2485,18.9526,19.7001,19.9344,20.1536,18.5561,19.8537,19.2493,15.7382,15.9095,14.6926,14.2223,14.1267,14.4179,14.4978,14.5162,14.7167,15.0644,15.2628,15.3414,14.4681,13.7767,12.2936,11.6421,10.7898,9.7942,8.8703
Djibouti,DJI,,,,,,,,,,,,,,,,,,,,,,,,,,,,,,,,,,,,,,,,,,,,,,,,,,,,,,,,,,,,,,,,,
Dominica,DMA,,,,,,,,,,,,,,,,,,,,,,,,,,,,,,,,,,,,,,,,,,,,,,,,,,,,,,,,,,,,,,,,,
Denmark,DNK,,,,,,,,,,,,,,,,,,,,,,,,,,,,,,,0.1153,0.1688,0.2371,0.3883,0.5137,0.6496,0.7653,0.7912,0.9289,1.1019,1.2102,1.1794,1.1816,1.1857,1.2389,1.2804,1.0568,1.0474,1.0186,1.0306,0.8879,0.8535,0.9138,0.8788,0.8279,0.6536,0.7004,0.5828,0.6454,0.4959,0.4706,0.4023,0.3406,0.3077,0.2603
Dominican Republic,DOM,,,,,,,,,,,,,,,,,,,,,,,,,,,,,,,0.0004,0.0024,0.0038,0.0062,0.0145,0.0249,0.039,0.0539,0.0733,0.1069,0.194,0.2658,0.3347,0.4134,0.493,0.5889,0.6213,0.6346,0.66,0.6822,0.6782,0.6829,0.6963,0.7157,0.7801,0.8621,0.9835,1.1033,1.2499,1.3792,1.5111,1.647,1.7794,1.9128,2.0457
Algeria,DZA,,,,,,,,,,,,,,,,,,,,,,,,,,,,,,,0.3297,0.2399,0.2151,0.1837,0.1654,0.1522,0.205,0.2478,0.3231,0.4165,0.577,0.6701,0.7565,0.8544,0.9565,1.0755,1.12,1.142,1.1915,1.2384,1.2542,1.2805,1.3173,1.3615,1.4601,1.5799,1.748,1.9137,2.1123,2.2897,2.4704,2.6565,2.8391,3.0223,3.2051
East Asia & Pacific (excluding high income),EAP,,,,,,,,,,,,,,,,,,,,,,,,,,,,,,,7.8502,9.0201,10.3258,13.1712,16.2935,19.5873,23.0931,26.2803,31.7731,46.4555,60.1514,78.4634,83.3187,112.3117,142.1076,191.4577,220.0089,200.4559,184.0589,221.7366,260.0617,293.3937,329.0395,359.5334,400.6971,359.8626,381.1595,404.8298,430.1974,455.1171,480.9427,506.6356,532.8069,558.7037,584.7378
Early-demographic dividend,EAR,,,,,,,,,,,,,,,,,,,,,,,,,,,,,,,33.8238,33.9271,30.1909,28.4657,27.1548,25.3124,27.64,29.5843,31.9037,37.3825,48.2347,54.3738,64.4616,74.3704,85.0131,92.838,98.8576,104.2838,111.0888,115.9183,121.7161,127.4095,133.248,140.5354,152.6805,165.5261,183.4681,200.3565,220.1241,238.7979,257.6843,277.2895,296.5048,315.7406,334.9665
East Asia & Pacific,EAS,,,,,,,,,,,,,,,,,,,,,,,,,,,,,,,52.6809,59.0261,65.0488,73.0709,83.3284,98.821,104.3405,108.7786,106.9032,121.4343,131.195,140.4496,144.6917,170.7893,198.5318,247.4843,268.7409,249.5999,230.8379,264.964,309.0519,341.9363,379.2036,411.1458,455.3629,413.4098,434.9251,461.2603,488.9494,516.1096,544.5189,572.2264,600.8226,629.0728,657.4959
Europe & Central Asia (excluding high income),ECA,,,,,,,,,,,,,,,,,,,,,,,,,,,,,,,4.8319,6.3807,5.5077,4.1723,3.8994,4.033,3.7068,3.7941,4.3588,5.2384,6.5193,5.8605,7.2322,6.5869,9.5154,9.3421,9.5754,11.1553,9.619,9.1577,9.7378,9.8813,10.9898,10.6438,11.3906,11.2076,11.9173,12.7465,13.1851,14.4108,15.5688,16.7763,18.0418,19.2522,20.49
Europe & Central Asia,ECS,,,,,,,,,,,,,,,,,,,,,,,,,,,,,,,125.8001,131.7542,123.9635,120.971,126.8502,134.7252,140.8008,151.9121,154.7125,148.3786,155.4931,146.9636,147.7325,143.2677,159.6899,161.9343,150.2257,156.9239,155.1481,146.052,151.3456,152.5381,166.847,171.3969,172.6307,162.6955,166.5743,175.1724,177.6726,169.7159,165.1785,164.9007,164.9882,163.8261,163.289
Ecuador,ECU,,,,,,,,,,,,,,,,,,,,,,,,,,,,,,,0.0022,0.0041,0.0057,0.0077,0.013,0.019,0.0263,0.0336,0.043,0.0574,0.0983,0.1324,0.1642,0.2005,0.2387,0.2838,0.2948,0.2969,0.3074,0.3176,0.3158,0.3179,0.3241,0.333,0.3625,0.4002,0.4559,0.5108,0.5781,0.6374,0.6979,0.7603,0.821,0.8822,0.9432
"Egypt, Arab Rep.",EGY,,,,,,,,,,,,,,,,,,,,,,,,,,,,,,,1.4908,1.8002,1.8042,1.7576,1.7886,1.65,1.843,1.8513,1.9598,2.3163,3.0501,3.5571,4.1126,4.6685,5.2667,5.9546,6.2121,6.2749,6.7088,6.7979,6.855,6.9595,7.1263,7.3305,7.8524,8.5037,9.5689,10.4909,11.6777,12.6998,13.7927,14.8666,15.9171,16.9896,18.0511
Euro area,EMU,,,,,,,,,,,,,,,,,,,,,,,,,,,,,,,46.7077,46.9732,48.2229,52.0228,57.4185,62.5384,67.7178,71.7192,74.7375,73.8067,76.7308,71.2364,73.3633,74.6676,81.3788,83.4998,76.424,80.8305,81.4083,79.8202,82.9095,84.5137,86.1578,87.4055,88.3312,81.493,82.5624,80.4961,75.8284,72.5796,66.6639,63.6512,59.8244,55.9058,52.0336
Eritrea,ERI,,,,,,,,,,,,,,,,,,,,,,,,,,,,,,,,,,,,,,,,,,,,,,,,,,,,,,,,,,,,,,,,,
Spain,ESP,,,,,,,,,,,,,,,,,,,,,,,,,,,,,,,6.4517,6.3328,7.1176,6.6859,7.9691,9.8036,10.8235,12.1607,12.54,14.2399,15.5617,12.5164,12.0589,13.1352,14.2987,14.9385,16.3559,18.6142,18.3766,16.5272,16.9236,16.2783,16.2406,15.8345,15.7906,9.4782,9.3651,7.4894,5.7865,5.6304,4.7242,4.8208,4.548,4.1882,3.8719
Estonia,EST,,,,,,,,,,,,,,,,,,,,,,,,,,,,,,,0.0007,0.0014,0.0176,0.0217,0.0266,0.0329,0.0394,0.046,0.0568,0.0675,0.0827,0.0995,0.1018,0.1085,0.1231,0.1395,0.1576,0.172,0.1545,0.1615,0.1798,0.1874,0.1974,0.2112,0.2213,0.2266,0.2358,0.2364,0.2368,0.2307,0.1934,0.2039,0.1935,0.1822,0.1714
Ethiopia,ETH,,,,,,,,,,,,,,,,,,,,,,,,,,,,,,,0.0001,0.0001,0.0001,0.0002,0.0003,0.0003,0.0007,0.001,0.0011,0.0014,0.0021,0.0025,0.0023,0.002,0.0024,0.0028,0.0015,0.0008,0.0007,0.0007,0.0007,0.0007,0.0007,0.0007,0.0007,0.0007,0.0007,0.0007,0.0007,0.0007,0.0007,0.0007,0.0007,0.0007,0.0007
European Union,EUU,,,,,,,,,,,,,,,,,,,,,,,,,,,,,,,50.5741,50.8303,51.4649,55.6286,61.5428,67.728,73.4354,78.3015,81.9235,81.4932,85.1843,80.0695,83.6627,85.1906,93.9989,96.7637,90.1328,95.8969,96.2152,94.3679,97.5196,99.988,102.1662,103.352,105.6259,97.9207,99.6131,97.8353,93.1584,89.741,83.5249,80.4184,76.4785,72.4228,68.4254
Fragile and conflict affected situations,FCS,,,,,,,,,,,,,,,,,,,,,,,,,,,,,,,4.5969,4.5793,4.5366,4.284,4.1878,4.0138,4.5255,5.1515,5.0951,6.4017,8.9369,10.6295,12.9788,15.5849,18.4277,21.1881,22.3399,23.3788,23.9393,24.2799,24.1708,24.4601,25.0226,25.4552,27.2795,29.3696,33.2419,37.1031,41.9533,46.2274,50.3745,54.727,58.9957,63.2519,67.5145
Finland,FIN,,,,,,,,,,,,,,,,,,,,,,,,,,,,,,,0.0763,0.0733,0.0681,0.0749,0.1743,0.2693,0.3548,0.4533,0.5641,0.6644,0.8269,0.839,0.9174,1.0737,1.1738,1.2493,1.3253,1.3436,1.3633,1.3618,1.3381,1.3195,1.3256,1.3123,1.2815,1.2182,1.1609,1.0937,1.046,1.0027,0.9388,0.8737,0.8163,0.7542,0.6944
Fiji,FJI,,,,,,,,,,,,,,,,,,,,,,,,,,,,,,,0.0,0.0003,0.0004,0.0007,0.0016,0.0028,0.0044,0.006,0.0082,0.012,0.0217,0.0297,0.0375,0.0463,0.0552,0.0659,0.0695,0.071,0.0739,0.0763,0.0759,0.0764,0.0779,0.0801,0.0873,0.0965,0.1101,0.1235,0.1399,0.1544,0.1691,0.1843,0.1991,0.2141,0.2289
France,FRA,,,,,,,,,,,,,,,,,,,,,,,,,,,,,,,9.3023,10.1988,10.137,9.1341,8.6261,7.9766,9.5545,10.5252,10.9118,12.2144,13.4989,14.2868,15.2003,15.7532,17.0531,17.6213,16.4745,16.6861,17.3498,17.059,17.7102,18.1334,18.175,18.0203,17.8991,17.8321,17.5992,16.9321,15.381,13.4684,12.0825,10.7547,9.2163,7.9439,6.5385
Faroe Islands,FRO,,,,,,,,,,,,,,,,,,,,,,,,,,,,,,,,,,,,,,,,,,,,,,,,,,,,,,,,,,,,,,,,,
"Micronesia, Fed. Sts.",FSM,,,,,,,,,,,,,,,,,,,,,,,,,,,,,,,,,,,,,,,,,,,,,,,,,,,,,,,,,,,,,,,,,
Gabon,GAB,,,,,,,,,,,,,,,,,,,,,,,,,,,,,,,0.0006,0.0019,0.0029,0.0044,0.0095,0.016,0.0245,0.0334,0.0449,0.0645,0.116,0.1585,0.199,0.2455,0.2925,0.3491,0.3675,0.3745,0.3893,0.4025,0.4001,0.4028,0.4108,0.4222,0.4601,0.5084,0.5799,0.6504,0.7368,0.8129,0.8906,0.9706,1.0485,1.1271,1.2054
United Kingdom,GBR,,,,,,,,,,,,,,,,,,,,,,,,,,,,,,,15.9622,16.6888,17.3245,18.1439,19.365,20.8622,21.9494,23.9038,21.1116,14.4709,13.3661,13.5309,13.9644,13.972,13.1779,13.4276,12.2785,12.7043,12.0607,12.2306,12.8757,13.4596,13.8847,14.2599,14.3206,14.3715,14.4537,14.4613,14.0649,13.4454,12.5517,11.9006,11.2216,10.4804,9.7702
Georgia,GEO,,,,,,,,,,,,,,,,,,,,,,,,,,,,,,,0.001,0.0016,0.0008,0.0006,0.0006,0.0008,0.001,0.0012,0.0013,0.0014,0.0014,0.0779,0.1333,0.1847,0.2382,0.2904,0.3439,0.4458,0.5609,0.6535,0.161,0.2688,0.3951,0.2299,0.2527,0.2714,0.29,0.3204,0.3385,0.3608,0.3845,0.4058,0.4283,0.4508,0.4732
Ghana,GHA,,,,,,,,,,,,,,,,,,,,,,,,,,,,,,,0.5457,0.5456,0.5648,0.5522,0.4572,0.385,0.4051,0.4601,0.181,0.3567,0.4656,0.3897,0.4806,0.4788,0.5531,0.668,0.7378,0.7242,0.749,0.764,0.7595,0.7767,0.7878,0.808,0.8811,0.9695,1.105,1.2389,1.404,1.5486,1.6961,1.8485,1.9969,2.1463,2.2953
Gibraltar,GIB,,,,,,,,,,,,,,,,,,,,,,,,,,,,,,,,,,,,,,,,,,,,,,,,,,,,,,,,,,,,,,,,,
Guinea,GIN,,,,,,,,,,,,,,,,,,,,,,,,,,,,,,,0.0002,0.0011,0.0017,0.0027,0.0064,0.011,0.0172,0.0238,0.0324,0.0472,0.0856,0.1173,0.1477,0.1825,0.2176,0.2599,0.2743,0.2801,0.2913,0.3011,0.2994,0.3014,0.3074,0.3159,0.3443,0.3805,0.4341,0.487,0.5517,0.6088,0.667,0.727,0.7854,0.8443,0.903
"Gambia, The",GMB,,,,,,,,,,,,,,,,,,,,,,,,,,,,,,,,,,,,,,,,,,,,,,,,,,,,,,,,,,,,,,,,,
Guinea-Bissau,GNB,,,,,,,,,,,,,,,,,,,,,,,,,,,,,,,,,,,,,,,,,,,,,,,,,,,,,,,,,,,,,,,,,
Equatorial Guinea,GNQ,,,,,,,,,,,,,,,,,,,,,,,,,,,,,,,0.0,0.0003,0.0005,0.0008,0.0018,0.0031,0.0048,0.0066,0.009,0.0132,0.0239,0.0328,0.0412,0.051,0.0608,0.0726,0.0766,0.0782,0.0813,0.0841,0.0836,0.0842,0.0858,0.0882,0.0961,0.1062,0.1212,0.136,0.154,0.17,0.1862,0.203,0.2193,0.2357,0.2521
Greece,GRC,,,,,,,,,,,,,,,,,,,,,,,,,,,,,,,2.2645,2.2218,2.0299,2.7622,3.3426,4.5811,5.1343,5.383,6.0095,6.832,5.5975,5.0074,5.4919,4.9649,5.3999,5.3925,3.3123,3.9103,3.9533,4.1306,4.5013,4.7909,5.1624,5.6489,5.8043,5.8959,6.1279,6.0901,5.8476,5.4051,5.0921,4.9367,4.6401,4.3937,4.1222
Grenada,GRD,,,,,,,,,,,,,,,,,,,,,,,,,,,,,,,0.0018,0.0018,0.0019,0.0019,0.0019,0.0021,0.0021,0.0021,0.0021,0.0021,0.0021,0.0024,0.0024,0.0024,0.0024,0.0024,0.0024,0.0027,0.0027,0.0027,0.0027,0.0027,0.0027,0.0029,0.0029,0.0029,0.0029,0.0029,0.0031,0.0032,0.0033,0.0035,0.0036,0.0037,0.0038
Greenland,GRL,,,,,,,,,,,,,,,,,,,,,,,,,,,,,,,,,,,,,,,,,,,,,,,,,,,,,,,,,,,,,,,,,
Guatemala,GTM,,,,,,,,,,,,,,,,,,,,,,,,,,,,,,,0.0103,0.0152,0.0211,0.0281,0.038,0.0492,0.0567,0.0627,0.0725,0.084,0.106,0.1268,0.1405,0.1555,0.1757,0.2005,0.1746,0.1435,0.1412,0.1435,0.1429,0.1436,0.1458,0.1489,0.1594,0.1727,0.1923,0.2118,0.2355,0.2565,0.2779,0.2999,0.3214,0.343,0.3645
Guam,GUM,,,,,,,,,,,,,,,,,,,,,,,,,,,,,,,,,,,,,,,,,,,,,,,,,,,,,,,,,,,,,,,,,
Guyana,GUY,,,,,,,,,,,,,,,,,,,,,,,,,,,,,,,,,,,,,,,,,,,,,,,,,,,,,,,,,,,,,,,,,
High income,HIC,,,,,,,,,,,,,,,,,,,,,,,,,,,,,,,324.8326,333.0708,340.7751,350.6228,375.5732,415.3182,435.6957,457.1537,470.1099,466.4727,475.9354,453.521,458.8653,445.6778,469.3581,475.9363,427.8468,440.7499,435.3369,416.1515,434.4951,442.7923,455.7761,462.1973,475.4417,471.2837,482.9355,500.9109,514.8343,520.9377,529.1672,544.8205,559.434,572.714,586.6607
"Hong Kong SAR, China",HKG,,,,,,,,,,,,,,,,,,,,,,,,,,,,,,,0.3727,0.3516,0.3177,0.2569,0.2047,0.1572,0.156,0.1483,0.1375,0.1455,0.1528,0.1476,0.1412,0.1335,0.126,0.117,0.1234,0.1292,0.1351,0.1412,0.1471,0.1532,0.1591,0.1652,0.1711,0.177,0.1831,0.1889,0.195,0.2011,0.2071,0.2133,0.2197,0.2259,0.2321
Honduras,HND,,,,,,,,,,,,,,,,,,,,,,,,,,,,,,,0.0001,0.0009,0.0015,0.0024,0.0056,0.0097,0.0152,0.0209,0.0285,0.0415,0.0754,0.1033,0.1301,0.1607,0.1916,0.2289,0.2415,0.2467,0.2565,0.2652,0.2636,0.2654,0.2706,0.2782,0.3032,0.3351,0.3823,0.4288,0.4858,0.5361,0.5873,0.6402,0.6916,0.7434,0.7951
Heavily indebted poor countries (HIPC),HPC,,,,,,,,,,,,,,,,,,,,,,,,,,,,,,,1.4365,1.445,1.4527,1.5115,1.4683,1.5394,1.7664,2.0954,1.9321,2.5333,3.6547,4.392,5.3649,6.3272,7.6747,8.7811,9.2623,9.5563,9.557,9.7032,9.6323,9.6764,9.79,10.0686,11.0019,12.041,13.6959,15.3321,17.3427,19.1034,20.9,22.7571,24.5657,26.3866,28.2019
Croatia,HRV,,,,,,,,,,,,,,,,,,,,,,,,,,,,,,,1.0467,0.7676,0.4152,0.3745,0.3764,0.5114,0.6203,0.5801,0.3012,0.2597,0.2636,0.243,0.1092,0.1331,0.154,0.2134,0.2629,0.3325,0.3985,0.4741,0.5715,0.6315,0.7003,0.7617,0.8464,0.9366,1.0743,1.22,1.3476,1.4624,1.568,1.6931,1.8079,1.9231,2.0382
Haiti,HTI,,,,,,,,,,,,,,,,,,,,,,,,,,,,,,,,,,,,,,,,,,,,,,,,,,,,,,,,,,,,,,,,,
Hungary,HUN,,,,,,,,,,,,,,,,,,,,,,,,,,,,,,,0.4219,0.3951,0.2454,0.2901,0.3504,0.4117,0.432,0.4928,0.5521,0.6464,0.6574,0.7134,0.7893,0.9142,1.0892,1.2501,1.2441,1.2461,1.3463,1.3996,1.4992,1.622,1.6862,1.7828,2.0026,2.176,2.0892,2.051,2.0736,2.1179,2.16,2.1696,2.2034,2.2319,2.263
IBRD only,IBD,,,,,,,,,,,,,,,,,,,,,,,,,,,,,,,85.4282,91.6687,84.5092,79.8509,80.9481,83.4651,87.956,97.2617,105.0594,124.6054,147.0483,166.3598,175.7018,206.9436,251.2189,304.9522,337.0953,323.3026,313.8486,349.9284,395.9637,434.5933,487.7987,526.5956,578.387,543.0243,579.5855,627.202,673.934,708.2323,749.9838,793.0923,837.5919,880.7248,924.5414
IDA & IBRD total,IBT,,,,,,,,,,,,,,,,,,,,,,,,,,,,,,,91.4864,99.1543,91.2109,85.3798,86.2238,89.0894,93.6509,103.4882,111.6725,132.6859,158.5509,179.5931,191.9784,225.0021,273.7815,329.9219,363.3586,350.7917,340.1166,376.3907,422.1239,460.6829,514.3572,553.5825,607.5418,574.8877,615.6167,667.3084,719.0163,757.6736,803.8919,851.6094,900.616,948.277,996.611300000001
IDA total,IDA,,,,,,,,,,,,,,,,,,,,,,,,,,,,,,,6.0582,7.4856,6.7017,5.5289,5.2757,5.6243,5.6949,6.2265,6.6131,8.0805,11.5026,13.2333,16.2766,18.0585,22.5626,24.9697,26.2633,27.4891,26.268,26.4623,26.1602,26.0896,26.5585,26.9869,29.1548,31.8634,36.0312,40.1064,45.0823,49.4413,53.9081,58.5171,63.0241,67.5522,72.0699
IDA blend,IDB,,,,,,,,,,,,,,,,,,,,,,,,,,,,,,,2.2878,2.1527,2.0174,1.886,1.7748,1.7943,2.0793,2.4029,2.6103,3.1214,4.3994,5.4312,6.6064,7.8608,9.4743,10.9395,11.4607,11.6966,11.9549,12.2355,12.2269,12.384,12.646,13.0395,14.1716,15.4029,17.3496,19.2736,21.5968,23.6485,25.7419,27.9008,30.0096,32.1302,34.2447
Indonesia,IDN,,,,,,,,,,,,,,,,,,,,,,,,,,,,,,,1.6491,1.7393,1.8186,1.8108,1.8335,1.738,1.7974,1.8376,1.594,1.9031,2.6496,3.0478,3.636,4.3243,4.8973,5.6563,5.95,6.2064,6.4631,6.5621,6.5747,6.6018,6.721,6.9099,7.4683,8.1457,9.1373,10.1228,11.3257,12.3967,13.4814,14.6009,15.6939,16.793,17.8891
IDA only,IDX,,,,,,,,,,,,,,,,,,,,,,,,,,,,,,,3.7704,5.3329,4.6843,3.6429,3.5009,3.83,3.6156,3.8236,4.0028,4.9591,7.1032,7.8021,9.6702,10.1977,13.0883,14.0302,14.8026,15.7925,14.3131,14.2268,13.9333,13.7056,13.9125,13.9474,14.9832,16.4605,18.6816,20.8328,23.4855,25.7928,28.1662,30.6163,33.0145,35.422,37.8252
Isle of Man,IMN,,,,,,,,,,,,,,,,,,,,,,,,,,,,,,,,,,,,,,,,,,,,,,,,,,,,,,,,,,,,,,,,,
India,IND,,,,,,,,,,,,,,,,,,,,,,,,,,,,,,,8.4445,8.7411,8.3069,7.9743,7.3231,6.6289,6.4991,7.0567,8.211,8.7571,10.2204,10.3892,11.1439,13.1173,13.6392,10.4935,11.4451,13.1262,16.4139,19.8334,23.338,26.8454,30.2865,33.7439,37.3192,40.9691,44.4969,48.1149,51.4078,54.8986,58.2913,61.7777,65.2838,68.7456,72.2295
Not classified,INX,,,,,,,,,,,,,,,,,,,,,,,,,,,,,,,,,,,,,,,,,,,,,,,,,,,,,,,,,,,,,,,,,
Ireland,IRL,,,,,,,,,,,,,,,,,,,,,,,,,,,,,,,0.0629,0.0895,0.1189,0.1694,0.2335,0.3358,0.4497,0.5734,0.4998,0.7046,0.9456,0.9806,0.9786,1.1716,1.2005,1.3914,1.2472,1.1985,1.2215,1.1858,1.1597,1.1669,1.1407,1.1733,1.2385,1.2358,1.3127,1.2422,0.9277,0.9129,0.763,0.8043,0.7656,0.7244,0.6845
"Iran, Islamic Rep.",IRN,,,,,,,,,,,,,,,,,,,,,,,,,,,,,,,2.6463,3.1314,2.979,2.681,2.3897,2.2281,2.1529,2.1971,2.3695,2.9274,3.3076,3.9,4.7474,5.5151,5.9655,6.8012,7.1363,7.4592,7.7946,8.0123,8.1142,8.2522,8.4486,8.7156,9.3287,10.0597,11.0789,12.0992,13.3196,14.4128,15.5298,16.6753,17.7988,18.9275,20.0536
Iraq,IRQ,,,,,,,,,,,,,,,,,,,,,,,,,,,,,,,0.2494,0.2631,0.2666,0.2466,0.2412,0.2381,0.2652,0.283,0.3068,0.3798,0.5642,0.7063,0.8402,0.9926,1.146,1.3313,1.4054,1.4385,1.4974,1.5496,1.5461,1.5612,1.5948,1.6407,1.7823,1.961,2.2233,2.4818,2.7974,3.0762,3.3606,3.6536,3.9392,4.2269,4.5136
Iceland,ISL,,,,,,,,,,,,,,,,,,,,,,,,,,,,,,,1.2048,1.2335,0.1389,0.148,0.1566,0.0658,0.0744,0.0927,0.1505,0.1698,0.1787,0.165,0.1884,0.1889,0.1955,0.1603,0.1949,0.3132,0.3082,0.2816,0.3165,0.334,0.3084,0.3204,0.2846,0.3081,0.2945,0.297,0.3112,0.3209,0.3173,0.2809,0.2726,0.2564,0.2442
Israel,ISR,,,,,,,,,,,,,,,,,,,,,,,,,,,,,,,0.4362,0.4303,0.453,0.4936,0.5318,0.5915,0.5991,0.6313,1.022,1.1304,1.3479,1.4302,1.3321,1.2049,1.1423,1.1869,0.9272,0.9944,2.1288,1.2529,1.789,2.3719,2.5223,3.0715,2.6372,3.9836,4.677,4.1914,4.8775,5.1755,5.3454,5.7271,6.0077,6.2851,6.5642
Italy,ITA,,,,,,,,,,,,,,,,,,,,,,,,,,,,,,,2.1608,2.4229,2.2928,2.6821,3.3417,4.2651,4.4237,5.003,5.6062,6.0817,7.0204,8.1873,8.9492,9.9402,11.4058,12.4923,11.7915,12.3496,13.3345,14.2325,15.3321,16.313,16.9812,17.7059,18.2447,16.7419,17.2308,17.5438,17.9952,18.0291,16.8407,16.1933,15.5957,14.8093,14.1173
Jamaica,JAM,,,,,,,,,,,,,,,,,,,,,,,,,,,,,,,0.0015,0.0022,0.0029,0.0043,0.0055,0.0127,0.0162,0.0207,0.0278,0.0385,0.0462,0.0512,0.0624,0.0667,0.0732,0.0789,0.0785,0.0911,0.0958,0.0983,0.0984,0.0968,0.0952,0.0992,0.1073,0.1117,0.1165,0.1307,0.1347,0.1424,0.151,0.1578,0.1655,0.1732,0.181
Jordan,JOR,,,,,,,,,,,,,,,,,,,,,,,,,,,,,,,0.0006,0.0039,0.0062,0.01,0.0235,0.0404,0.0657,0.0916,0.1249,0.181,0.3277,0.4488,0.5637,0.6937,0.8282,0.9895,1.0425,1.061,1.099,1.1356,1.129,1.1366,1.1584,1.1898,1.2941,1.4269,1.6237,1.8178,2.0553,2.2648,2.4784,2.6987,2.9131,3.1292,3.3445
Japan,JPN,,,,,,,,,,,,,,,,,,,,,,,,,,,,,,,35.9388,40.7395,44.0748,48.6902,54.2718,64.9102,66.7263,65.9703,61.2179,54.9935,50.6649,44.6705,39.8286,38.0407,34.322,33.4586,26.1675,23.7094,20.9388,16.8522,17.9369,18.1915,18.5418,19.151,19.7698,20.0069,21.0142,21.5227,21.4083,21.8949,22.2329,22.5426,22.937,23.2966,23.6735
Kazakhstan,KAZ,,,,,,,,,,,,,,,,,,,,,,,,,,,,,,,0.0054,0.0112,0.0168,0.0204,0.0218,0.0256,0.0274,0.0306,0.1157,0.1474,0.2863,0.318,0.3665,0.4932,0.6237,0.6941,0.9234,1.0613,1.4911,1.5392,1.7855,1.8384,1.9353,1.8817,2.1523,2.1409,2.3032,2.5494,2.696,2.8523,3.0529,3.2521,3.4597,3.6621,3.8671
Kenya,KEN,,,,,,,,,,,,,,,,,,,,,,,,,,,,,,,0.0,0.0,0.0,0.0,0.0,0.0049,0.0067,0.0085,0.0103,0.0121,0.0139,0.0182,0.0224,0.0267,0.031,0.0352,0.0423,0.0493,0.0563,0.0633,0.0703,0.0735,0.0806,0.0841,0.0912,0.0951,0.0993,0.1117,0.1153,0.122,0.1296,0.1356,0.1423,0.1491,0.1558
Kyrgyz Republic,KGZ,,,,,,,,,,,,,,,,,,,,,,,,,,,,,,,0.0008,0.0018,0.0022,0.0022,0.0019,0.0021,0.0025,0.0029,0.0031,0.0034,0.0038,0.0043,0.0041,0.0046,0.0053,0.0053,0.004,0.0024,0.0019,0.0019,0.0019,0.0019,0.0019,0.0019,0.0019,0.0019,0.0019,0.0019,0.0019,0.0019,0.0019,0.0019,0.0019,0.0019,0.0019
Cambodia,KHM,,,,,,,,,,,,,,,,,,,,,,,,,,,,,,,0.0001,0.0007,0.0011,0.0018,0.0042,0.0073,0.0114,0.0157,0.0214,0.0312,0.0567,0.0776,0.0977,0.1207,0.144,0.1719,0.1814,0.1853,0.1927,0.1992,0.198,0.1994,0.2033,0.209,0.2278,0.2517,0.2872,0.3222,0.365,0.4027,0.4412,0.4809,0.5196,0.5585,0.5973
Kiribati,KIR,,,,,,,,,,,,,,,,,,,,,,,,,,,,,,,,,,,,,,,,,,,,,,,,,,,,,,,,,,,,,,,,,
St. Kitts and Nevis,KNA,,,,,,,,,,,,,,,,,,,,,,,,,,,,,,,0.0,0.0,0.0,0.0,0.0,0.0001,0.0001,0.0001,0.0001,0.0001,0.0001,0.0002,0.0002,0.0002,0.0002,0.0002,0.0002,0.0001,0.0001,0.0001,0.0001,0.0001,0.0001,0.0001,0.0001,0.0001,0.0001,0.0001,0.0001,0.0001,0.0001,0.0001,0.0001,0.0001,0.0001
"Korea, Rep.",KOR,,,,,,,,,,,,,,,,,,,,,,,,,,,,,,,1.9094,1.9725,3.2307,3.2989,5.3659,7.7209,8.1262,9.8375,6.9049,12.189,11.9794,8.9488,12.0341,9.8667,10.5548,10.8342,11.2796,13.6734,14.3132,14.2074,18.0624,16.4188,17.3228,17.4764,18.9849,16.5683,14.7376,15.9769,17.6588,18.0223,19.1401,19.7792,20.6284,21.4972,22.3561
Kuwait,KWT,,,,,,,,,,,,,,,,,,,,,,,,,,,,,,,0.293,0.4047,0.4992,0.5511,0.6416,0.7297,0.8346,0.9179,1.0367,1.3141,2.0307,2.6378,3.2187,3.886,4.5609,5.3665,5.6348,5.7302,5.9243,6.1293,6.1195,6.1805,6.3135,6.4946,7.044,7.7369,8.7529,9.7551,10.9766,12.0564,13.1577,14.2926,15.3991,16.5134,17.6238
Latin America & Caribbean (excluding high income),LAC,,,,,,,,,,,,,,,,,,,,,,,,,,,,,,,9.0917,9.4582,7.4414,8.0306,7.9655,6.7825,7.3107,7.9733,6.9828,8.9898,9.1302,10.0109,12.6024,14.6972,17.1704,20.3249,23.8123,25.2594,27.7113,28.6327,31.0371,31.1569,31.813,34.1528,37.8235,39.5081,43.2543,47.1019,50.972,54.7836,58.5944,62.532,66.4396,70.3248,74.2215
Lao PDR,LAO,,,,,,,,,,,,,,,,,,,,,,,,,,,,,,,,,,,,,,,,,,,,,,,,,,,,,,,,,,,,,,,,,
Lebanon,LBN,,,,,,,,,,,,,,,,,,,,,,,,,,,,,,,0.0005,0.0035,0.0055,0.0088,0.0208,0.0357,0.056,0.0773,0.1052,0.1534,0.2785,0.3816,0.4804,0.5935,0.7077,0.8453,0.8919,0.911,0.9474,0.9793,0.9736,0.9803,0.9996,1.0274,1.1199,1.2375,1.4119,1.5838,1.7943,1.9799,2.1692,2.3644,2.5544,2.7459,2.9367
Liberia,LBR,,,,,,,,,,,,,,,,,,,,,,,,,,,,,,,0.0001,0.0001,0.0001,0.0001,0.0002,0.0002,0.0003,0.0003,0.0004,0.0006,0.0008,0.0014,0.0019,0.0025,0.0032,0.0037,0.0047,0.0049,0.0051,0.0051,0.0051,0.0051,0.0051,0.0051,0.0051,0.0051,0.0051,0.0051,0.0051,0.0051,0.0051,0.0051,0.0051,0.0051,0.0051
Libya,LBY,,,,,,,,,,,,,,,,,,,,,,,,,,,,,,,0.2784,0.2667,0.2438,0.2036,0.1837,0.1722,0.219,0.2594,0.306,0.4029,0.6239,0.8075,0.9853,1.1862,1.3925,1.6372,1.7298,1.777,1.8518,1.92,1.9276,1.9549,2.0027,2.0641,2.2295,2.4357,2.7329,3.0266,3.3823,3.6978,4.0193,4.3508,4.6747,5.0003,5.325
St. Lucia,LCA,,,,,,,,,,,,,,,,,,,,,,,,,,,,,,,0.0,0.0,0.0,0.0,0.0,0.0066,0.0098,0.0148,0.0222,0.0333,0.041,0.0403,0.0397,0.039,0.0384,0.0377,0.0377,0.0377,0.0377,0.0377,0.0377,0.0394,0.0432,0.0451,0.0489,0.051,0.0532,0.0599,0.0618,0.0654,0.0695,0.0727,0.0763,0.08,0.0836
Latin America & Caribbean,LCN,,,,,,,,,,,,,,,,,,,,,,,,,,,,,,,11.8482,12.1616,10.093,10.4205,10.2078,8.7725,9.4345,10.2434,8.9038,11.2877,11.8852,13.0636,16.3757,19.1962,22.2612,26.1541,30.0299,32.0429,34.8967,35.9277,38.3243,40.6062,41.9897,43.0425,47.5012,49.7458,54.6082,59.9808,65.5091,70.787,76.1521,81.6556,87.0952,92.5312,97.9691
Least developed countries: UN classification,LDC,,,,,,,,,,,,,,,,,,,,,,,,,,,,,,,0.0077,0.0368,0.0566,0.0998,0.221,0.3747,0.5843,0.8094,1.1086,1.617,2.8878,3.9495,4.9276,6.1299,7.3895,8.571,9.053,9.3612,9.5922,9.8782,9.8744,9.9574,10.1457,10.4168,11.3253,12.4981,14.1831,15.895,17.9446,19.7669,21.6286,23.54,25.4046,27.2841,29.1563
Low income,LIC,,,,,,,,,,,,,,,,,,,,,,,,,,,,,,,0.0363,0.0718,0.0951,0.1335,0.2585,0.4085,0.6667,0.8992,1.2048,1.7059,3.0598,4.1466,5.0951,6.2468,7.4276,8.7019,9.0154,9.2658,9.4651,9.8574,9.8013,9.8684,10.0297,10.3172,11.1731,12.3369,14.0214,15.7023,17.7572,19.5705,21.4206,23.3272,25.1834,27.0544,28.9181
Liechtenstein,LIE,,,,,,,,,,,,,,,,,,,,,,,,,,,,,,,,,,,,,,,,,,,,,,,,,,,,,,,,,,,,,,,,,
Sri Lanka,LKA,,,,,,,,,,,,,,,,,,,,,,,,,,,,,,,0.0001,0.0007,0.001,0.0017,0.0039,0.0067,0.0106,0.0146,0.0198,0.0289,0.0525,0.0719,0.0905,0.1118,0.1334,0.1593,0.1681,0.1717,0.1785,0.1845,0.1835,0.1847,0.1884,0.1936,0.211,0.2332,0.266,0.2985,0.3381,0.3731,0.4088,0.4455,0.4813,0.5174,0.5534
Lower middle income,LMC,,,,,,,,,,,,,,,,,,,,,,,,,,,,,,,15.9969,18.1075,16.9514,15.4414,14.6066,14.1343,14.2411,15.3083,16.915,19.3474,24.9574,27.3084,31.7017,35.9912,41.5968,41.6691,44.1766,47.0746,49.7388,53.4985,56.7782,60.3317,64.4526,68.5768,74.8904,81.9299,90.9215,100.0331,109.5991,118.7437,127.9888,137.3834,146.7118,156.0351,165.3613
Low & middle income,LMY,,,,,,,,,,,,,,,,,,,,,,,,,,,,,,,39.2192,43.0834,40.8318,42.0928,43.9779,45.3183,50.1154,55.5912,62.8299,83.8487,106.1233,129.5579,144.2778,182.1298,223.5701,279.1026,315.149,301.7833,291.2977,334.3145,379.2926,417.0878,459.0878,496.7612,550.6373,520.7167,558.5403,598.9255,642.0871,684.554,727.9536,771.7516,815.8601,859.6295,903.569100000001
Lesotho,LSO,,,,,,,,,,,,,,,,,,,,,,,,,,,,,,,,,,,,,,,,,,,,,,,,,,,,,,,,,,,,,,,,,
Late-demographic dividend,LTE,,,,,,,,,,,,,,,,,,,,,,,,,,,,,,,62.4944,68.149,63.5889,59.8204,62.2608,66.396,69.2625,77.8157,84.8637,101.4224,119.8025,137.651,141.9622,168.0762,208.0825,260.0304,288.0146,270.2826,255.3041,287.3151,327.9697,361.7781,410.1519,443.2884,486.6344,445.9394,472.9618,510.8922,547.5013,571.3382,602.5864,635.262,669.2056,701.8484,735.1413
Lithuania,LTU,,,,,,,,,,,,,,,,,,,,,,,,,,,,,,,0.0147,0.0352,0.0406,0.0434,0.0489,0.0706,0.0796,0.089,0.1043,0.1069,0.1176,0.1383,0.1539,0.1833,0.2204,0.2631,0.2682,0.2685,0.2736,0.2944,0.3383,0.3857,0.427,0.4837,0.5364,0.6393,0.7786,0.7713,0.619,0.6202,0.5941,0.6074,0.6035,0.5979,0.5932
Luxembourg,LUX,,,,,,,,,,,,,,,,,,,,,,,,,,,,,,,0.0067,0.0094,0.0174,0.0278,0.0333,0.0383,0.0425,0.0462,0.0508,0.0562,0.0624,0.07,0.0719,0.0712,0.0719,0.0714,0.0554,0.0564,0.0564,0.0578,0.0603,0.0634,0.0659,0.0673,0.0726,0.0728,0.0717,0.0712,0.0653,0.0628,0.0581,0.0554,0.0527,0.0499,0.0472
Latvia,LVA,,,,,,,,,,,,,,,,,,,,,,,,,,,,,,,0.0174,0.0362,0.0303,0.0395,0.0551,0.083,0.101,0.1186,0.1346,0.1498,0.174,0.2053,0.2275,0.254,0.2948,0.3466,0.3505,0.3386,0.3298,0.3458,0.3718,0.3737,0.3742,0.3878,0.4011,0.4139,0.4344,0.4285,0.4239,0.4221,0.4148,0.4293,0.4309,0.4344,0.4369
"Macao SAR, China",MAC,,,,,,,,,,,,,,,,,,,,,,,,,,,,,,,,,,,,,,,,,,,,,,,,,,,,,,,,,,,,,,,,,
St. Martin (French part),MAF,,,,,,,,,,,,,,,,,,,,,,,,,,,,,,,,,,,,,,,,,,,,,,,,,,,,,,,,,,,,,,,,,
Morocco,MAR,,,,,,,,,,,,,,,,,,,,,,,,,,,,,,,0.0004,0.0024,0.0038,0.0062,0.0145,0.0249,0.0391,0.054,0.0735,0.1072,0.1946,0.2665,0.3356,0.4146,0.4944,0.5905,0.6231,0.6364,0.6618,0.6841,0.6801,0.6848,0.6983,0.7177,0.7823,0.8645,0.9863,1.1064,1.2535,1.3831,1.5154,1.6517,1.7844,1.9182,2.0515
Monaco,MCO,,,,,,,,,,,,,,,,,,,,,,,,,,,,,,,,,,,,,,,,,,,,,,,,,,,,,,,,,,,,,,,,,
Moldova,MDA,,,,,,,,,,,,,,,,,,,,,,,,,,,,,,,0.0008,0.0014,0.0012,0.0017,0.0011,0.0032,0.0053,0.0078,0.0105,0.0125,0.0145,0.0178,0.0209,0.0275,0.0339,0.0417,0.0496,0.0632,0.0794,0.0904,0.1061,0.1165,0.1305,0.1471,0.1598,0.1677,0.1759,0.197,0.2043,0.2165,0.2301,0.2411,0.2534,0.2657,0.2779
Madagascar,MDG,,,,,,,,,,,,,,,,,,,,,,,,,,,,,,,0.0006,0.0016,0.0024,0.0037,0.0079,0.0131,0.0201,0.0274,0.037,0.0535,0.0961,0.1313,0.1642,0.2027,0.2415,0.2882,0.3028,0.309,0.3212,0.332,0.3301,0.3324,0.3389,0.3483,0.3797,0.4195,0.4786,0.5368,0.6081,0.671,0.7352,0.8013,0.8656,0.9305,0.9951
Maldives,MDV,,,,,,,,,,,,,,,,,,,,,,,,,,,,,,,,,,,,,,,,,,,,,,,,,,,,,,,,,,,,,,,,,
"Middle East, North Africa, Afghanistan & Pakistan",MEA,,,,,,,,,,,,,,,,,,,,,,,,,,,,,,,12.81,11.1685,11.0247,10.4875,10.2998,9.6401,10.9069,12.1036,14.2127,17.9119,25.8092,32.4067,39.0254,46.2449,53.3599,62.1774,65.2506,67.2113,70.8465,72.2222,73.0429,74.6263,76.2714,78.9458,84.674,93.8443,105.5464,115.9901,130.0037,142.0643,154.1487,166.9098,179.2697,191.6715,204.0524
Mexico,MEX,,,,,,,,,,,,,,,,,,,,,,,,,,,,,,,1.3597,1.5723,1.0887,1.4138,1.2998,1.1843,2.4352,2.5787,2.2966,2.9387,2.6996,2.4297,3.1504,3.3578,3.5449,4.9545,6.387,7.9987,9.2409,9.7967,10.8567,11.3588,11.0505,11.8813,13.4513,12.9704,13.9078,15.2052,16.1972,17.2754,18.3609,19.5056,20.6592,21.7871,22.9279
Marshall Islands,MHL,,,,,,,,,,,,,,,,,,,,,,,,,,,,,,,,,,,,,,,,,,,,,,,,,,,,,,,,,,,,,,,,,
Middle income,MIC,,,,,,,,,,,,,,,,,,,,,,,,,,,,,,,39.1829,43.0116,40.7367,41.9593,43.7194,44.9098,49.4487,54.692,61.6251,82.1428,103.0635,125.4113,139.1827,175.883,216.1425,270.4007,306.1336,292.5175,281.8326,324.4571,369.4913,407.2194,449.0581,486.444,539.4642,508.3798,544.5189,583.2232,624.3299,664.9835,706.533,748.4244,790.6767,832.5751,874.651
North Macedonia,MKD,,,,,,,,,,,,,,,,,,,,,,,,,,,,,,,0.0033,0.0076,0.0115,0.0148,0.0198,0.0246,0.0263,0.0266,0.029,0.0322,0.035,0.0332,0.0322,0.0347,0.3657,0.4103,0.1185,0.2368,0.2823,0.2944,0.3632,0.3794,0.415,0.4331,0.4689,0.4885,0.5098,0.5728,0.5909,0.625,0.6634,0.6936,0.7279,0.7622,0.7964
Mali,MLI,,,,,,,,,,,,,,,,,,,,,,,,,,,,,,,0.0001,0.0007,0.0011,0.0018,0.0042,0.0073,0.0114,0.0157,0.0214,0.0312,0.0567,0.0776,0.0977,0.1207,0.144,0.1719,0.1814,0.1853,0.1927,0.1992,0.198,0.1994,0.2033,0.209,0.2278,0.2517,0.2872,0.3222,0.365,0.4027,0.4412,0.4809,0.5196,0.5585,0.5973
Malta,MLT,,,,,,,,,,,,,,,,,,,,,,,,,,,,,,,0.0026,0.0038,0.0067,0.0084,0.0107,0.0132,0.0142,0.0147,0.0155,0.0165,0.0219,0.0207,0.0221,0.0213,0.026,0.0392,0.0658,0.0774,0.0899,0.1044,0.1148,0.1376,0.1632,0.1743,0.1799,0.1845,0.1948,0.2011,0.184,0.17,0.1677,0.1676,0.1622,0.1596,0.1556
Myanmar,MMR,,,,,,,,,,,,,,,,,,,,,,,,,,,,,,,0.0,0.0,0.0,0.0101,0.0152,0.0229,0.0343,0.0515,0.0774,0.1162,0.143,0.104,0.117,0.156,0.234,0.143,0.1495,0.1809,0.2003,0.2099,0.2602,0.272,0.298,0.3112,0.3374,0.3516,0.3672,0.4132,0.4264,0.4513,0.4794,0.5014,0.5264,0.5515,0.5765
"Middle East, North Africa, Afghanistan & Pakistan (excluding high income)",MNA,,,,,,,,,,,,,,,,,,,,,,,,,,,,,,,5.9927,6.6505,6.3651,5.7869,5.4641,5.1679,5.641,6.0193,6.7365,8.4701,11.5595,14.3023,17.2862,20.4036,23.2859,26.9946,28.3582,29.0947,30.4926,31.3624,31.519,31.9477,32.6856,33.6588,36.2656,39.4974,44.2818,48.8878,54.5369,59.5206,64.6549,69.8885,75.0028,80.1636,85.3012
Montenegro,MNE,,,,,,,,,,,,,,,,,,,,,,,,,,,,,,,,,,,,,,,,,,,,,,,,,,,,,,,,,,,,,,,,,
Mongolia,MNG,,,,,,,,,,,,,,,,,,,,,,,,,,,,,,,,,,,,,,,,,,,,,,,,,,,,,,,,,,,,,,,,,
Northern Mariana Islands,MNP,,,,,,,,,,,,,,,,,,,,,,,,,,,,,,,,,,,,,,,,,,,,,,,,,,,,,,,,,,,,,,,,,
Mozambique,MOZ,,,,,,,,,,,,,,,,,,,,,,,,,,,,,,,0.0009,0.0016,0.0019,0.0028,0.005,0.0075,0.0109,0.0147,0.0202,0.0277,0.0743,0.1859,0.2022,0.2804,0.3623,0.3106,0.3361,0.4276,0.288,0.2585,0.2592,0.2664,0.2438,0.236,0.234,0.2675,0.2692,0.2906,0.3144,0.3366,0.3593,0.3825,0.4051,0.4279,0.4506
Mauritania,MRT,,,,,,,,,,,,,,,,,,,,,,,,,,,,,,,0.0001,0.001,0.0015,0.0025,0.0058,0.0099,0.0156,0.0215,0.0293,0.0427,0.0775,0.1062,0.1337,0.1651,0.1969,0.2352,0.2482,0.2535,0.2636,0.2725,0.2709,0.2727,0.2781,0.2859,0.3116,0.3443,0.3928,0.4407,0.4992,0.5509,0.6036,0.6578,0.7107,0.764,0.8171
Mauritius,MUS,,,,,,,,,,,,,,,,,,,,,,,,,,,,,,,0.0002,0.0004,0.0005,0.0007,0.001,0.0135,0.0199,0.0293,0.0434,0.0644,0.0791,0.1307,0.089,0.0519,0.0476,0.0108,0.4162,0.4588,0.5016,0.5451,0.5887,0.6322,0.6757,0.7192,0.7795,0.8124,0.8483,0.9545,0.9849,1.0424,1.107,1.1579,1.2156,1.2733,1.331
Malawi,MWI,,,,,,,,,,,,,,,,,,,,,,,,,,,,,,,0.0001,0.0005,0.0008,0.0013,0.0031,0.0052,0.0082,0.0114,0.0155,0.0225,0.0409,0.0561,0.0706,0.0872,0.104,0.1242,0.1311,0.1339,0.1392,0.1439,0.1431,0.144,0.1469,0.151,0.1646,0.1818,0.2075,0.2327,0.2637,0.2909,0.3187,0.3474,0.3753,0.4035,0.4315
Malaysia,MYS,,,,,,,,,,,,,,,,,,,,,,,,,,,,,,,0.0002,0.0002,0.0002,0.0002,0.0002,0.0002,0.0005,0.0008,0.1303,0.177,0.6615,0.9486,1.1311,1.0551,1.2575,1.4237,1.4957,1.6381,1.801,1.9276,2.0605,2.1222,2.2285,2.3532,2.6851,3.3683,4.0515,1.6826,1.7424,1.8866,2.0169,2.1284,2.257,2.3805,2.5066
North America,NAC,,,,,,,,,,,,,,,,,,,,,,,,,,,,,,,152.197,153.1308,162.8944,169.176,180.6838,200.7894,211.8965,220.1955,236.8116,238.4689,241.0457,231.3988,234.0196,223.1307,230.8396,229.9454,199.149,205.0365,199.7013,192.0142,199.0835,203.5491,200.2605,199.7388,205.5636,205.7869,206.5193,207.1933,207.3061,212.3378,215.7187,222.3115,227.4488,232.5077,237.6057
Namibia,NAM,,,,,,,,,,,,,,,,,,,,,,,,,,,,,,,0.0001,0.0004,0.0006,0.001,0.0024,0.0041,0.0064,0.0088,0.012,0.0174,0.0316,0.0433,0.0546,0.0674,0.0804,0.096,0.1013,0.1035,0.1076,0.1113,0.1106,0.1114,0.1136,0.1167,0.1272,0.1406,0.1604,0.1799,0.2038,0.2249,0.2464,0.2686,0.2902,0.3119,0.3336
New Caledonia,NCL,,,,,,,,,,,,,,,,,,,,,,,,,,,,,,,,,,,,,,,,,,,,,,,,,,,,,,,,,,,,,,,,,
Niger,NER,,,,,,,,,,,,,,,,,,,,,,,,,,,,,,,0.0001,0.0008,0.0012,0.0019,0.0045,0.0078,0.0122,0.0168,0.0229,0.0334,0.0605,0.0829,0.1044,0.129,0.1538,0.1837,0.1939,0.198,0.2059,0.2129,0.2116,0.2131,0.2173,0.2233,0.2434,0.269,0.3069,0.3442,0.39,0.4303,0.4715,0.5139,0.5552,0.5968,0.6383
Nigeria,NGA,,,,,,,,,,,,,,,,,,,,,,,,,,,,,,,0.2429,0.1775,0.1568,0.1388,0.166,0.2097,0.3371,0.4651,0.6493,0.9077,1.5433,2.0581,2.5478,3.1179,3.6974,4.3905,4.614,4.7046,4.879,5.0499,5.0457,5.0975,5.2098,5.3569,5.8114,6.3844,7.2234,8.0513,9.0597,9.9515,10.8608,11.7981,12.7121,13.6323,14.5494
Nicaragua,NIC,,,,,,,,,,,,,,,,,,,,,,,,,,,,,,,0.0,0.0003,0.0005,0.0008,0.0019,0.0033,0.0051,0.0071,0.0097,0.0141,0.0256,0.035,0.0441,0.0545,0.065,0.0776,0.0819,0.0837,0.087,0.0899,0.0894,0.09,0.0918,0.0944,0.1028,0.1137,0.1297,0.1455,0.1648,0.1818,0.1992,0.2171,0.2346,0.2522,0.2697
Netherlands,NLD,,,,,,,,,,,,,,,,,,,,,,,,,,,,,,,8.6831,7.5864,8.3818,9.0729,10.7412,10.4607,12.1581,12.1456,12.5712,8.1453,7.2753,2.9269,2.6787,2.6463,2.773,2.5927,2.1353,2.1744,2.0045,1.9182,2.245,1.8613,1.8995,2.0305,1.6301,1.801,1.6141,1.5958,1.2946,1.2988,1.2477,1.2501,1.2631,1.2558,1.2587
Norway,NOR,,,,,,,,,,,,,,,,,,,,,,,,,,,,,,,6.8638,6.0074,3.5899,3.8303,3.8971,2.9761,3.021,3.2305,3.0632,3.0554,3.1071,2.7936,2.0436,2.0639,2.2066,2.0064,1.877,1.6465,1.7876,1.4017,1.524,1.5373,1.4921,1.6796,1.5591,1.5137,1.5634,1.5526,1.5739,1.5749,1.4458,1.3544,1.3339,1.2815,1.245
Nepal,NPL,,,,,,,,,,,,,,,,,,,,,,,,,,,,,,,,,,,,,,,,,,,,,,,,,,,,,,,,,,,,,,,,,
Nauru,NRU,,,,,,,,,,,,,,,,,,,,,,,,,,,,,,,,,,,,,,,,,,,,,,,,,,,,,,,,,,,,,,,,,
New Zealand,NZL,,,,,,,,,,,,,,,,,,,,,,,,,,,,,,,0.8809,0.8991,0.8599,0.9986,1.0164,0.9434,1.0238,1.0464,0.8633,1.0247,0.9417,0.7393,0.8645,0.9717,0.9935,1.0792,1.0316,1.233,1.2742,1.1785,1.2643,1.2708,1.2613,1.2556,1.3133,1.3287,1.337,1.3564,1.3899,1.4134,1.4564,1.4871,1.52,1.5555,1.5897
OECD members,OED,,,,,,,,,,,,,,,,,,,,,,,,,,,,,,,269.9184,276.6627,289.3927,306.4456,332.1173,370.5034,391.7141,408.36,418.629,414.0311,415.7808,392.4124,398.2114,386.7437,400.2701,403.6367,358.7858,373.1529,369.0104,355.8411,374.7682,385.2468,387.1786,389.7897,402.2286,395.1773,399.7894,402.4519,401.8578,407.236,408.4158,415.7028,421.0115,426.0466,431.2186
Oman,OMN,,,,,,,,,,,,,,,,,,,,,,,,,,,,,,,0.0041,0.0071,0.0101,0.014,0.0219,0.0312,0.0385,0.0461,0.057,0.0763,0.125,0.1815,0.2335,0.2898,0.3483,0.4173,0.4567,0.4703,0.5434,0.6934,0.7035,0.6344,0.5913,0.591,0.6396,0.6758,0.739,0.7964,0.9019,0.982,1.0636,1.1471,1.2284,1.3105,1.3922
Other small states,OSS,,,,,,,,,,,,,,,,,,,,,,,,,,,,,,,1.2235,1.2606,0.2162,0.2405,0.2697,0.2143,0.2619,0.3167,0.4224,0.4994,0.5968,0.6814,0.686,0.6784,0.7318,0.7232,1.1643,1.3218,1.37,1.4185,1.5422,1.6538,1.7149,1.8033,1.8599,1.9507,2.0263,2.1775,2.2452,2.3304,2.3754,2.4322,2.497,2.5535,2.6142
Pakistan,PAK,,,,,,,,,,,,,,,,,,,,,,,,,,,,,,,0.994,0.9225,0.8142,0.6465,0.5355,0.4526,0.5226,0.5818,0.656,0.8394,1.2816,1.7091,2.1284,2.5991,3.087,3.6591,3.8601,3.9649,4.1335,4.2832,4.3053,4.371,4.479,4.6158,4.9709,5.4111,6.0426,6.6661,7.4196,8.0891,8.7712,9.4741,10.1611,10.8517,11.5405
Panama,PAN,,,,,,,,,,,,,,,,,,,,,,,,,,,,,,,0.0002,0.0012,0.0018,0.003,0.007,0.0121,0.0189,0.0261,0.0355,0.0518,0.094,0.1287,0.1621,0.2003,0.2388,0.2852,0.3009,0.3074,0.3197,0.3304,0.3285,0.3308,0.3373,0.3467,0.3779,0.4176,0.4764,0.5344,0.6054,0.668,0.7319,0.7978,0.8619,0.9265,0.9909
Peru,PER,,,,,,,,,,,,,,,,,,,,,,,,,,,,,,,0.0083,0.0126,0.0162,0.0223,0.0367,0.0523,0.0625,0.0742,0.0839,0.1027,0.1506,0.1908,0.2301,0.2735,0.3218,0.3811,0.3772,0.3639,0.371,0.382,0.3799,0.3824,0.3894,0.3996,0.4334,0.4764,0.5402,0.603,0.68,0.7479,0.8171,0.8884,0.9579,1.0279,1.0977
Philippines,PHL,,,,,,,,,,,,,,,,,,,,,,,,,,,,,,,0.1605,0.2398,0.3096,0.3461,0.3908,0.426,0.4431,0.4507,0.4702,0.5678,0.8314,1.0834,1.3276,1.6033,1.8866,2.222,2.3442,2.4044,2.5026,2.5914,2.5972,2.6304,2.6913,2.7708,2.993,3.2706,3.6731,4.0705,4.5529,4.9803,5.416,5.865,6.3033,6.7443,7.184
Palau,PLW,,,,,,,,,,,,,,,,,,,,,,,,,,,,,,,,,,,,,,,,,,,,,,,,,,,,,,,,,,,,,,,,,
Papua New Guinea,PNG,,,,,,,,,,,,,,,,,,,,,,,,,,,,,,,0.0029,0.0046,0.0077,0.0132,0.018,0.0195,0.0185,0.0133,0.0099,0.0093,0.0003,0.0038,0.0066,0.0092,0.0122,0.0154,0.0219,0.0243,0.0267,0.0274,0.0274,0.0274,0.0274,0.0274,0.0274,0.0274,0.0274,0.0274,0.0274,0.0274,0.0274,0.0274,0.0274,0.0274,0.0274
Poland,POL,,,,,,,,,,,,,,,,,,,,,,,,,,,,,,,0.2538,0.2746,0.2932,0.3484,0.4279,0.663,0.7835,0.9071,0.9655,1.1477,1.5963,2.0893,2.6308,3.1813,3.7513,4.3722,4.8539,5.1387,5.6072,5.8548,5.7974,6.3087,6.5526,6.1815,6.725,5.8401,5.9535,6.0462,5.89,5.6037,5.404,5.3331,5.1562,5.0152,4.8562
Pre-demographic dividend,PRE,,,,,,,,,,,,,,,,,,,,,,,,,,,,,,,1.3729,1.328,1.2973,1.329,1.4013,1.5912,1.9552,2.3776,2.7036,3.4592,5.2856,6.7505,8.2509,9.9324,11.9318,13.7943,14.5047,14.9393,15.1503,15.5083,15.4377,15.5334,15.7858,16.2379,17.6939,19.3919,22.0054,24.5929,27.7525,30.5331,33.3701,36.2978,39.1512,42.0242,44.8877
Puerto Rico (US),PRI,,,,,,,,,,,,,,,,,,,,,,,,,,,,,,,,,,,,,,,,,,,,,,,,,,,,,,,,,,,,,,,,,
"Korea, Dem. People's Rep.",PRK,,,,,,,,,,,,,,,,,,,,,,,,,,,,,,,0.0292,0.0385,0.0439,0.0526,0.0731,0.0919,0.172,0.2177,0.2774,0.3563,0.5887,0.6762,0.7565,0.855,0.9672,1.1057,0.9887,0.9809,1.0047,1.1515,1.1441,1.1463,1.1643,1.221,1.2844,1.4042,1.5891,1.7715,1.9947,2.1915,2.3923,2.5993,2.8008,3.0039,3.2062
Portugal,PRT,,,,,,,,,,,,,,,,,,,,,,,,,,,,,,,0.0327,0.0493,0.0665,0.0829,0.1061,0.2177,0.26,0.3297,0.4111,0.5111,0.6054,0.7176,0.8336,0.954,1.0687,1.2275,1.2702,1.4725,1.6971,1.8797,2.0173,2.1638,2.3039,2.4569,2.5687,2.6974,2.8268,3.0042,3.1117,3.2351,3.1966,3.2385,3.2805,3.2956,3.3242
Paraguay,PRY,,,,,,,,,,,,,,,,,,,,,,,,,,,,,,,0.0001,0.0008,0.0013,0.0022,0.0051,0.0087,0.0137,0.0189,0.0258,0.0376,0.0682,0.0934,0.1177,0.1453,0.1733,0.207,0.2184,0.2231,0.232,0.2398,0.2384,0.2401,0.2448,0.2516,0.2743,0.3031,0.3458,0.3879,0.4394,0.4849,0.5312,0.579,0.6256,0.6725,0.7192
West Bank and Gaza,PSE,,,,,,,,,,,,,,,,,,,,,,,,,,,,,,,,,,,,,,,,,,,,,,,,,,,,,,,,,,,,,,,,,
Pacific island small states,PSS,,,,,,,,,,,,,,,,,,,,,,,,,,,,,,,0.0,0.0003,0.0004,0.0007,0.0016,0.0028,0.0044,0.006,0.0082,0.012,0.0217,0.0297,0.0375,0.0463,0.0552,0.0659,0.0695,0.071,0.0739,0.0763,0.0759,0.0764,0.0779,0.0801,0.0873,0.0965,0.1101,0.1235,0.1399,0.1544,0.1691,0.1843,0.1991,0.2141,0.2289
Post-demographic dividend,PST,,,,,,,,,,,,,,,,,,,,,,,,,,,,,,,269.0979,275.4111,289.1392,305.4428,330.9088,369.1964,388.8859,404.9807,415.0525,409.9135,410.8703,386.4301,391.0106,378.382,391.148,392.0187,345.4147,357.1275,349.3038,335.8641,352.6623,359.2438,359.947,362.9811,373.1847,365.2665,367.666,369.1154,367.2593,371.0679,370.2695,375.0745,378.3325,381.1819,384.2358
French Polynesia,PYF,,,,,,,,,,,,,,,,,,,,,,,,,,,,,,,,,,,,,,,,,,,,,,,,,,,,,,,,,,,,,,,,,
Qatar,QAT,,,,,,,,,,,,,,,,,,,,,,,,,,,,,,,0.0006,0.0041,0.0065,0.0104,0.0246,0.0422,0.0662,0.0914,0.1244,0.1814,0.3293,0.4511,0.568,0.7017,0.8368,0.9994,1.0545,1.0771,1.1201,1.1603,1.1815,1.2762,1.311,1.3325,1.4274,1.5902,1.7732,1.9775,2.2209,2.4396,2.6118,2.8417,3.0655,3.2742,3.4904
Romania,ROU,,,,,,,,,,,,,,,,,,,,,,,,,,,,,,,2.3372,2.2131,1.5776,1.5954,1.7137,2.2054,2.2231,2.5353,2.7379,2.5213,2.3952,1.9762,2.6111,2.021,3.0964,2.7727,2.9254,3.7553,2.631,2.0846,2.0228,2.0775,2.1139,2.0107,2.3106,2.2445,2.5165,2.7087,2.7855,2.7997,2.7737,2.8284,2.8858,2.9166,2.9607
Russian Federation,RUS,,,,,,,,,,,,,,,,,,,,,,,,,,,,,,,45.8958,50.1376,45.4659,38.603,37.5211,38.4448,37.9191,41.7909,43.1599,42.933,45.9815,43.3308,39.3183,33.8848,39.0684,38.68,34.8301,33.8552,33.7517,27.284,28.0532,25.9727,36.5643,39.6483,37.9406,35.8487,37.3179,46.893,53.9992,48.8934,50.4777,52.9585,56.4791,59.0078,62.0325
Rwanda,RWA,,,,,,,,,,,,,,,,,,,,,,,,,,,,,,,0.001,0.0012,0.0015,0.0014,0.0004,0.0008,0.0009,0.001,0.0012,0.0014,0.0013,0.0029,0.0054,0.0081,0.0122,0.017,0.0215,0.024,0.0265,0.0271,0.0271,0.0271,0.0271,0.0271,0.0271,0.0271,0.0271,0.0271,0.0271,0.0271,0.0271,0.0271,0.0271,0.0271,0.0271
South Asia,SAS,,,,,,,,,,,,,,,,,,,,,,,,,,,,,,,8.4451,8.7452,8.3133,7.9847,7.3475,6.6709,6.565,7.1477,8.3347,8.9376,10.548,10.838,11.709,13.8153,14.4717,11.4878,12.4942,14.1978,17.5282,20.9852,24.4832,27.9984,31.4623,34.9523,38.6363,42.4247,46.1575,49.9778,53.5182,57.2274,60.8428,64.5586,68.2882,71.9753,75.6836
Saudi Arabia,SAU,,,,,,,,,,,,,,,,,,,,,,,,,,,,,,,2.4221,2.4729,2.3138,2.02,1.9221,1.9502,2.3683,2.754,3.2741,4.3428,6.8488,9.0426,11.1807,13.5792,15.9693,18.8811,19.9056,20.3889,21.2267,21.9806,21.9811,22.2305,22.7315,23.4365,25.4717,27.9981,31.5708,35.1295,39.4526,43.2763,47.1672,51.1884,55.1114,59.0564,62.9903
Sudan,SDN,,,,,,,,,,,,,,,,,,,,,,,,,,,,,,,0.0004,0.0025,0.0039,0.0063,0.0149,0.0256,0.0401,0.0554,0.0754,0.1099,0.1995,0.2733,0.3442,0.4251,0.507,0.6055,0.6389,0.6526,0.6786,0.7015,0.6974,0.7022,0.716,0.7359,0.8022,0.8865,1.0114,1.1345,1.2853,1.4183,1.5539,1.6937,1.8298,1.967,2.1036
Senegal,SEN,,,,,,,,,,,,,,,,,,,,,,,,,,,,,,,0.0003,0.0017,0.0027,0.0043,0.0102,0.0176,0.0276,0.038,0.0518,0.0755,0.137,0.1877,0.2363,0.2919,0.3481,0.4158,0.4387,0.4481,0.466,0.4817,0.4788,0.4821,0.4916,0.5053,0.5508,0.6087,0.6944,0.779,0.8825,0.9738,1.0669,1.1629,1.2563,1.3505,1.4444
Singapore,SGP,,,,,,,,,,,,,,,,,,,,,,,,,,,,,,,0.5764,0.7371,0.805,0.8789,0.9782,1.1286,1.2641,1.389,1.5421,1.8139,2.2652,2.4603,2.8982,3.5781,3.8828,4.5624,4.4959,3.5669,3.6496,3.9986,4.4391,4.4483,4.4896,4.7968,5.2278,5.5489,6.091,6.9353,7.637,8.333,9.0804,9.7956,10.5155,11.243,11.9668
Solomon Islands,SLB,,,,,,,,,,,,,,,,,,,,,,,,,,,,,,,,,,,,,,,,,,,,,,,,,,,,,,,,,,,,,,,,,
Sierra Leone,SLE,,,,,,,,,,,,,,,,,,,,,,,,,,,,,,,0.0001,0.0001,0.0001,0.0001,0.0002,0.0002,0.0001,0.0001,0.0001,0.0001,0.0,0.0001,0.0004,0.0006,0.0009,0.0013,0.0017,0.002,0.0022,0.0022,0.0022,0.0022,0.0022,0.0022,0.0022,0.0022,0.0022,0.0022,0.0022,0.0022,0.0022,0.0022,0.0022,0.0022,0.0022
El Salvador,SLV,,,,,,,,,,,,,,,,,,,,,,,,,,,,,,,0.0001,0.0006,0.0009,0.0015,0.0034,0.0058,0.012,0.0182,0.0254,0.0357,0.0639,0.0804,0.0949,0.1117,0.1295,0.1513,0.1464,0.1478,0.1519,0.157,0.1561,0.1572,0.1602,0.1647,0.1794,0.1981,0.2259,0.2532,0.2867,0.3163,0.3464,0.3775,0.4077,0.4382,0.4686
San Marino,SMR,,,,,,,,,,,,,,,,,,,,,,,,,,,,,,,,,,,,,,,,,,,,,,,,,,,,,,,,,,,,,,,,,
"Somalia, Fed. Rep.",SOM,,,,,,,,,,,,,,,,,,,,,,,,,,,,,,,0.0003,0.0021,0.0034,0.0054,0.0128,0.022,0.0345,0.0476,0.0647,0.0944,0.1713,0.2345,0.2951,0.3645,0.4346,0.5191,0.5474,0.5591,0.5814,0.601,0.5975,0.6016,0.6134,0.6305,0.6872,0.7594,0.8664,0.9719,1.1011,1.2149,1.3311,1.4509,1.5675,1.685,1.802
Serbia,SRB,,,,,,,,,,,,,,,,,,,,,,,,,,,,,,,,,,,,,,,,,,,,,,,,,,,,,,,,,,,,,,,,,
Sub-Saharan Africa (excluding high income),SSA,,,,,,,,,,,,,,,,,,,,,,,,,,,,,,,3.0076,2.8287,2.8785,2.9471,3.0079,3.0767,3.7988,4.3765,4.644,5.7573,8.2149,10.0828,12.1293,14.3151,17.0191,19.4955,20.9,21.6202,21.8877,22.4399,22.4538,22.7098,23.0976,23.8201,25.8242,28.2163,31.7699,35.3817,39.6775,43.4945,47.35,51.3606,55.2808,59.2099,63.135
South Sudan,SSD,,,,,,,,,,,,,,,,,,,,,,,,,,,,,,,,,,,,,,,,,,,,,,,,,,,,,,,,,,,,,,,,,
Sub-Saharan Africa,SSF,,,,,,,,,,,,,,,,,,,,,,,,,,,,,,,3.0077,2.8288,2.8786,2.9473,3.0082,3.077,3.7995,4.3775,4.6451,5.7587,8.217,10.0853,12.1316,14.3171,17.0215,19.4983,20.9015,21.621,21.8884,22.4406,22.4545,22.7105,23.0983,23.8208,25.8249,28.217,31.7706,35.3824,39.6782,43.4952,47.3507,51.3613,55.2815,59.2106,63.1357
Small states,SST,,,,,,,,,,,,,,,,,,,,,,,,,,,,,,,1.3867,1.4229,0.3887,0.4042,0.4246,0.3688,0.4314,0.4932,0.6198,0.6656,0.8382,0.9949,1.0685,1.1396,1.273,1.3606,1.8329,2.0035,2.0773,2.1482,2.2679,2.3859,2.4643,2.5744,2.6998,2.8755,3.0759,3.3547,3.5724,3.7919,3.9741,4.1715,4.3736,4.5687,4.7671
Sao Tome and Principe,STP,,,,,,,,,,,,,,,,,,,,,,,,,,,,,,,,,,,,,,,,,,,,,,,,,,,,,,,,,,,,,,,,,
Suriname,SUR,,,,,,,,,,,,,,,,,,,,,,,,,,,,,,,0.1608,0.1576,0.1663,0.1548,0.1373,0.1194,0.1166,0.1035,0.097,0.0206,0.0,0.0,0.0,0.0,0.0,0.0,0.0,0.0,0.0,0.0,0.0,0.0,0.0,0.0,0.0,0.0,0.0,0.0,0.0,0.0,0.0,0.0,0.0,0.0,0.0
Slovak Republic,SVK,,,,,,,,,,,,,,,,,,,,,,,,,,,,,,,0.05,0.0839,0.0651,0.0727,0.1074,0.109,0.1624,0.176,0.2042,0.2197,0.2501,0.2807,0.3242,0.3679,0.4251,0.451,0.4754,0.52,0.5465,0.5935,0.6744,0.6847,0.7038,0.7223,0.7077,0.7929,0.7136,0.7783,0.7483,0.7536,0.7187,0.7433,0.7444,0.7415,0.7407
Slovenia,SVN,,,,,,,,,,,,,,,,,,,,,,,,,,,,,,,0.7672,0.7594,0.7241,0.749,0.6988,0.7009,0.6696,0.7493,0.7285,0.7385,0.691,0.6028,0.8085,0.7503,1.0514,0.9881,0.8308,0.9003,0.5362,0.375,0.3859,0.4602,0.4923,0.4784,0.5244,0.4992,0.5332,0.5267,0.5008,0.4721,0.4579,0.4426,0.426,0.4108,0.3949
Sweden,SWE,,,,,,,,,,,,,,,,,,,,,,,,,,,,,,,0.5445,0.5835,0.6308,0.684,0.763,0.7485,0.8465,1.0203,1.0109,1.1486,1.2628,1.3126,1.3787,1.3627,1.4406,1.4853,1.3366,1.2997,1.2474,1.2118,1.2152,1.1848,1.1794,1.1798,1.1814,1.2149,1.2543,1.2074,1.1421,1.0994,1.0499,1.0143,0.9739,0.9326,0.8918
Eswatini,SWZ,,,,,,,,,,,,,,,,,,,,,,,,,,,,,,,,,,,,,,,,,,,,,,,,,,,,,,,,,,,,,,,,,
Sint Maarten (Dutch part),SXM,,,,,,,,,,,,,,,,,,,,,,,,,,,,,,,,,,,,,,,,,,,,,,,,,,,,,,,,,,,,,,,,,
Seychelles,SYC,,,,,,,,,,,,,,,,,,,,,,,,,,,,,,,,,,,,,,,,,,,,,,,,,,,,,,,,,,,,,,,,,
Syrian Arab Republic,SYR,,,,,,,,,,,,,,,,,,,,,,,,,,,,,,,0.001,0.0064,0.0101,0.0162,0.0382,0.0656,0.1029,0.142,0.1933,0.2818,0.5116,0.7008,0.8824,1.0901,1.2999,1.5526,1.6382,1.6733,1.7401,1.7988,1.7882,1.8005,1.836,1.887,2.0569,2.273,2.5932,2.9091,3.2957,3.6366,3.9843,4.3427,4.6918,5.0435,5.3939
Turks and Caicos Islands,TCA,,,,,,,,,,,,,,,,,,,,,,,,,,,,,,,,,,,,,,,,,,,,,,,,,,,,,,,,,,,,,,,,,
Chad,TCD,,,,,,,,,,,,,,,,,,,,,,,,,,,,,,,0.0001,0.0008,0.0012,0.0019,0.0046,0.0078,0.0123,0.0169,0.023,0.0336,0.061,0.0836,0.1052,0.13,0.155,0.1852,0.1954,0.1996,0.2075,0.2145,0.2133,0.2147,0.219,0.225,0.2453,0.2711,0.3093,0.3469,0.393,0.4337,0.4752,0.5179,0.5595,0.6015,0.6433
East Asia & Pacific (IDA & IBRD countries),TEA,,,,,,,,,,,,,,,,,,,,,,,,,,,,,,,7.821,8.9816,10.2819,13.1186,16.2204,19.4954,22.9211,26.0626,31.4957,46.0992,59.5627,77.7872,82.5622,111.4567,141.1404,190.352,219.0202,199.475,183.0542,220.5851,258.9176,292.2474,327.8752,358.3124,399.4127,358.4584,379.5704,403.0583,428.2027,452.9256,478.5504,504.0363,530.0061,555.6998,581.5316
Europe & Central Asia (IDA & IBRD countries),TEC,,,,,,,,,,,,,,,,,,,,,,,,,,,,,,,54.3786,59.795,53.2881,45.1311,43.9897,45.9251,45.316,49.6691,51.595,52.1839,56.8603,53.6266,52.0483,45.9759,55.7922,55.6605,52.7874,54.5905,52.4881,45.3286,46.6628,45.4118,57.4896,60.0456,60.1723,56.8426,59.5665,70.3991,77.9974,74.1867,76.8534,80.6664,85.5432,89.3415,93.679
Togo,TGO,,,,,,,,,,,,,,,,,,,,,,,,,,,,,,,0.0001,0.0009,0.0015,0.0024,0.0056,0.0097,0.0152,0.021,0.0286,0.0416,0.0756,0.1036,0.1304,0.1611,0.1921,0.2294,0.2421,0.2473,0.2571,0.2658,0.2643,0.2661,0.2713,0.2789,0.304,0.3359,0.3832,0.4299,0.487,0.5374,0.5888,0.6418,0.6933,0.7453,0.7971
Thailand,THA,,,,,,,,,,,,,,,,,,,,,,,,,,,,,,,1.4122,1.461,1.4469,1.3209,1.3199,1.3547,1.5135,1.6577,1.8822,2.441,3.9605,5.3705,6.7361,8.2856,9.8686,11.7533,12.4117,12.6956,13.2091,13.6681,13.6514,13.7914,14.0905,14.4966,15.7191,17.2594,19.5151,21.7407,24.4522,26.8498,29.2947,31.8144,34.2712,36.745,39.2104
Tajikistan,TJK,,,,,,,,,,,,,,,,,,,,,,,,,,,,,,,3.2151,4.7412,4.0488,2.9695,2.7757,2.9907,2.5022,2.3836,2.4819,2.6494,3.142,2.6316,3.2172,2.2988,3.608,2.9574,3.079,3.7351,1.9224,1.4657,1.193,0.8506,0.8162,0.4994,0.353,0.3136,0.336,0.2681,0.2494,0.1871,0.1405,0.1033,0.0761,0.0392,0.0071
Turkmenistan,TKM,,,,,,,,,,,,,,,,,,,,,,,,,,,,,,,0.0009,0.0023,0.0035,0.0044,0.0053,0.0069,0.0084,0.0096,0.0125,0.018,0.0309,0.0433,0.0548,0.0678,0.0799,0.0942,0.1017,0.1028,0.1054,0.1087,0.1082,0.1088,0.1106,0.1132,0.1217,0.1326,0.1487,0.1646,0.1841,0.2013,0.2188,0.2368,0.2544,0.2721,0.2898
Latin America & the Caribbean (IDA & IBRD countries),TLA,,,,,,,,,,,,,,,,,,,,,,,,,,,,,,,11.8413,12.1532,10.0839,10.4112,10.1939,8.7531,9.4083,10.212,8.8655,11.2364,11.8034,12.9537,16.2411,19.0335,22.0698,25.9287,29.7971,31.8127,34.6651,35.6888,38.0868,40.3671,41.7462,42.7926,47.23,49.4476,54.2699,59.603,65.0829,70.3181,75.6397,81.0983,86.4942,91.8862,97.2802
Timor-Leste,TLS,,,,,,,,,,,,,,,,,,,,,,,,,,,,,,,,,,,,,,,,,,,,,,,,,,,,,,,,,,,,,,,,,
"Middle East, North Africa, Afghanistan & Pakistan (IDA & IBRD)",TMN,,,,,,,,,,,,,,,,,,,,,,,,,,,,,,,5.9927,6.6505,6.3651,5.7869,5.4641,5.1679,5.641,6.0193,6.7365,8.4701,11.5595,14.3023,17.2862,20.4036,23.2859,26.9946,28.3582,29.0947,30.4926,31.3624,31.519,31.9477,32.6856,33.6588,36.2656,39.4974,44.2818,48.8878,54.5369,59.5206,64.6549,69.8885,75.0028,80.1636,85.3012
Tonga,TON,,,,,,,,,,,,,,,,,,,,,,,,,,,,,,,,,,,,,,,,,,,,,,,,,,,,,,,,,,,,,,,,,
South Asia (IDA & IBRD),TSA,,,,,,,,,,,,,,,,,,,,,,,,,,,,,,,8.4451,8.7452,8.3133,7.9847,7.3475,6.6709,6.565,7.1477,8.3347,8.9376,10.548,10.838,11.709,13.8153,14.4717,11.4878,12.4942,14.1978,17.5282,20.9852,24.4832,27.9984,31.4623,34.9523,38.6363,42.4247,46.1575,49.9778,53.5182,57.2274,60.8428,64.5586,68.2882,71.9753,75.6836
Sub-Saharan Africa (IDA & IBRD countries),TSS,,,,,,,,,,,,,,,,,,,,,,,,,,,,,,,3.0077,2.8288,2.8786,2.9473,3.0082,3.077,3.7995,4.3775,4.6451,5.7587,8.217,10.0853,12.1316,14.3171,17.0215,19.4983,20.9015,21.621,21.8884,22.4406,22.4545,22.7105,23.0983,23.8208,25.8249,28.217,31.7706,35.3824,39.6782,43.4952,47.3507,51.3613,55.2815,59.2106,63.1357
Trinidad and Tobago,TTO,,,,,,,,,,,,,,,,,,,,,,,,,,,,,,,0.0003,0.0022,0.0034,0.0055,0.013,0.0223,0.035,0.0483,0.0658,0.0959,0.1741,0.2385,0.3004,0.371,0.4425,0.5285,0.5576,0.5695,0.5923,0.6123,0.6087,0.6129,0.6249,0.6423,0.7001,0.7737,0.8827,0.9902,1.1217,1.2378,1.3561,1.4781,1.5969,1.7167,1.8359
Tunisia,TUN,,,,,,,,,,,,,,,,,,,,,,,,,,,,,,,0.0003,0.0019,0.003,0.0049,0.0115,0.0198,0.031,0.0428,0.0582,0.0849,0.154,0.211,0.2657,0.3282,0.3914,0.4675,0.4933,0.5038,0.524,0.5416,0.5384,0.5422,0.5528,0.5682,0.6194,0.6844,0.7809,0.876,0.9924,1.095,1.1997,1.3076,1.4127,1.5187,1.6242
Turkiye,TUR,,,,,,,,,,,,,,,,,,,,,,,,,,,,,,,0.3232,0.3007,0.3206,0.3282,0.337,0.315,0.4156,0.5011,0.5177,0.5161,0.849,0.8712,1.0838,1.2897,1.6367,1.909,1.8872,1.8903,2.0636,2.2062,3.0919,3.4349,4.1639,4.3565,4.7774,4.708,4.9798,5.137,4.9265,5.5087,6.2466,6.905,7.5633,8.2481,8.9197
Tuvalu,TUV,,,,,,,,,,,,,,,,,,,,,,,,,,,,,,,,,,,,,,,,,,,,,,,,,,,,,,,,,,,,,,,,,
Tanzania,TZA,,,,,,,,,,,,,,,,,,,,,,,,,,,,,,,,,,,,,,,,,,,,,,,,,,,,,,,,,,,,,,,,,
Uganda,UGA,,,,,,,,,,,,,,,,,,,,,,,,,,,,,,,,,,,,,,,,,,,,,,,,,,,,,,,,,,,,,,,,,
Ukraine,UKR,,,,,,,,,,,,,,,,,,,,,,,,,,,,,,,0.2052,0.313,0.3688,0.3701,0.3567,0.2869,0.2676,0.2995,0.2268,0.2807,0.2369,0.1346,0.1912,0.2531,0.3047,0.3965,0.4987,0.6895,0.7688,0.6917,0.7552,0.8132,0.8359,0.8771,0.8548,0.7976,0.9144,1.0388,1.3686,1.6461,1.7103,1.8542,2.0175,2.1413,2.2849
Upper middle income,UMC,,,,,,,,,,,,,,,,,,,,,,,,,,,,,,,23.186,24.9041,23.7853,26.5179,29.1128,30.7755,35.2076,39.3837,44.7101,62.7954,78.1061,98.1029,107.481,139.8918,174.5457,228.7316,261.957,245.4429,232.0938,270.9586,312.7131,346.8877,384.6055,417.8672,464.5738,426.4499,453.5974,483.1901,514.7308,546.2398,578.5442,611.041,643.9649,676.54,709.2897
Uruguay,URY,,,,,,,,,,,,,,,,,,,,,,,,,,,,,,,0.001,0.0015,0.0022,0.0029,0.004,0.0046,0.0067,0.0083,0.0102,0.0108,0.0169,0.0239,0.0284,0.0234,0.022,0.0286,0.0272,0.0806,0.1344,0.0873,0.0394,0.0202,0.0011,0.1514,0.3017,0.2152,0.1288,0.1434,0.1487,0.1608,0.1719,0.1816,0.1928,0.2034,0.2143
United States,USA,,,,,,,,,,,,,,,,,,,,,,,,,,,,,,,139.3254,138.6682,149.4482,155.0627,166.0692,186.9579,197.8472,205.7837,221.4109,222.8251,224.4099,215.5322,217.0991,207.0091,214.2129,214.5499,183.3087,186.3335,183.3333,176.5705,183.6423,187.8107,184.2842,183.2822,187.9649,188.5015,188.3621,189.3125,188.6972,193.8239,197.9865,205.0458,210.4533,216.0088,221.4902
Uzbekistan,UZB,,,,,,,,,,,,,,,,,,,,,,,,,,,,,,,0.0096,0.0244,0.0321,0.0438,0.0528,0.0639,0.0675,0.072,0.0785,0.086,0.0975,0.1062,0.1021,0.1115,0.1568,0.1454,0.1286,0.0622,0.0764,0.0625,0.0653,0.1216,0.1461,0.153,0.1633,0.1706,0.178,0.1935,0.2005,0.2105,0.2213,0.2305,0.2405,0.2506,0.2606
St. Vincent and the Grenadines,VCT,,,,,,,,,,,,,,,,,,,,,,,,,,,,,,,0.0,0.0,0.0,0.0,0.0,0.0,0.0001,0.0001,0.0002,0.0002,0.0003,0.0003,0.0003,0.0003,0.0004,0.0004,0.0002,0.0001,0.0001,0.0001,0.0001,0.0001,0.0001,0.0001,0.0001,0.0001,0.0001,0.0001,0.0001,0.0001,0.0001,0.0001,0.0001,0.0001,0.0001
"Venezuela, RB",VEN,,,,,,,,,,,,,,,,,,,,,,,,,,,,,,,2.7371,2.6609,2.6093,2.3421,2.1743,1.8593,1.9319,2.0125,1.5827,1.8549,2.1324,2.1242,2.5401,2.9516,3.245,3.6399,3.7945,4.0993,4.2118,4.1392,3.9975,4.0841,4.2682,4.0837,4.1139,4.1229,4.6249,5.12,5.7152,6.2448,6.7889,7.3511,7.8994,8.451,9.0009
British Virgin Islands,VGB,,,,,,,,,,,,,,,,,,,,,,,,,,,,,,,,,,,,,,,,,,,,,,,,,,,,,,,,,,,,,,,,,
Virgin Islands (U.S.),VIR,,,,,,,,,,,,,,,,,,,,,,,,,,,,,,,,,,,,,,,,,,,,,,,,,,,,,,,,,,,,,,,,,
Viet Nam,VNM,,,,,,,,,,,,,,,,,,,,,,,,,,,,,,,0.0016,0.0104,0.0165,0.0266,0.0626,0.1075,0.1686,0.2327,0.3167,0.4618,0.8382,1.1483,1.4459,1.7861,2.13,2.544,2.6843,2.7417,2.8512,2.9473,2.93,2.9502,3.0083,3.094,3.3786,3.7482,4.4434,5.4194,6.1154,6.9045,7.7249,8.4934,9.286,10.0799,10.8731
Vanuatu,VUT,,,,,,,,,,,,,,,,,,,,,,,,,,,,,,,,,,,,,,,,,,,,,,,,,,,,,,,,,,,,,,,,,
World,WLD,,,,,,,,,,,153.33544856463,162.36641162534,169.84400050616,181.36611056839,192.24508603209,191.08968664384,203.46943677396,219.72869430378,229.5472913622,243.13623379753,246.68469022842,245.5587499193,242.13478185049,258.19475509617,284.72240004921,290.22370085363,291.57938599078,296.24763779343,316.48566165892,325.04826630454,367.87696961434,380.52886164112,386.46533511602,397.91693090609,424.96786536535,466.48600693679,493.01048463847,521.34902826168,542.16566278131,560.1931432156,591.3855213046,593.98005925143,662.81471098206,688.22354948421,757.64988948354,805.54071817134,775.44401663628,778.59114076107,758.37915358556,776.78392755215,829.14653286575,875.51772483591,928.52581780471,972.36870854789,1040.052620579,1004.9754241142,1053.7428324313,1112.4227863971,1171.5030752092,1220.6834607721,1272.7991521374,1333.2424283328,1393.0615581448,1450.9689492207,1509.8322096647
Samoa,WSM,,,,,,,,,,,,,,,,,,,,,,,,,,,,,,,,,,,,,,,,,,,,,,,,,,,,,,,,,,,,,,,,,
Kosovo,XKX,,,,,,,,,,,,,,,,,,,,,,,,,,,,,,,,,,,,,,,,,,,,,,,,,,,,,,,,,,,,,,,,,
"Yemen, Rep.",YEM,,,,,,,,,,,,,,,,,,,,,,,,,,,,,,,0.0011,0.0075,0.0118,0.019,0.0448,0.0769,0.1206,0.1664,0.2265,0.3303,0.5995,0.8212,1.0341,1.2774,1.5233,1.8194,1.9197,1.9608,2.0391,2.1078,2.0954,2.1099,2.1515,2.2113,2.4103,2.6635,3.0388,3.4089,3.8619,4.2614,4.6689,5.0889,5.4979,5.91,6.3206
South Africa,ZAF,,,,,,,,,,,,,,,,,,,,,,,,,,,,,,,1.3365,1.2141,1.2772,1.3044,1.3759,1.3017,1.648,1.7438,1.9572,2.1625,2.7799,3.2863,3.8556,4.4813,5.197,5.8313,6.0927,6.3694,6.3932,6.5612,6.6066,6.7174,6.8202,7.0563,7.5576,8.239,9.1663,10.1067,11.2377,12.2403,13.2184,14.2748,15.3081,16.3307,17.3587
Zambia,ZMB,,,,,,,,,,,,,,,,,,,,,,,,,,,,,,,0.0,0.0,0.0,0.0,0.0,0.0,0.0,0.0,0.0,0.0,0.0,0.0001,0.0001,0.0001,0.0001,0.0001,0.0001,0.0001,0.0001,0.0001,0.0001,0.0001,0.0001,0.0001,0.0001,0.0001,0.0001,0.0001,0.0001,0.0001,0.0001,0.0001,0.0001,0.0001,0.0001
Zimbabwe,ZWE,,,,,,,,,,,,,,,,,,,,,,,,,,,,,,,0.0001,0.0008,0.0013,0.0021,0.005,0.0086,0.0136,0.0187,0.0255,0.0372,0.0675,0.0924,0.1164,0.1437,0.1714,0.2047,0.216,0.2206,0.2294,0.2372,0.2358,0.2374,0.2421,0.2488,0.2712,0.2997,0.3419,0.3836,0.4345,0.4795,0.5253,0.5726,0.6186,0.665,0.7112
